Data.Date,Demand..MW.
2015-07-01,20170.75
2015-07-02,19227.458333333332
2015-07-03,17665.833333333332
2015-07-04,16489.875
2015-07-05,17702.958333333332
2015-07-06,21223.833333333332
2015-07-07,23268.083333333332
2015-07-08,22515.333333333332
2015-07-09,20313.375
2015-07-10,20598.25
2015-07-11,19533.083333333332
2015-07-12,20037.0
2015-07-13,22803.791666666668
2015-07-14,22188.75
2015-07-15,21073.0
2015-07-16,19169.25
2015-07-17,19574.791666666668
2015-07-18,20331.916666666668
2015-07-19,22910.166666666668
2015-07-20,25959.75
2015-07-21,23876.875
2015-07-22,21149.208333333332
2015-07-23,20578.708333333332
2015-07-24,20529.666666666668
2015-07-25,19633.625
2015-07-26,20497.208333333332
2015-07-27,23316.5
2015-07-28,24803.833333333332
2015-07-29,25706.0
2015-07-30,24774.0
2015-07-31,23096.375
2015-08-01,20908.875
2015-08-02,20345.208333333332
2015-08-03,23428.125
2015-08-04,23116.083333333332
2015-08-05,21716.541666666668
2015-08-06,20480.0
2015-08-07,20385.541666666668
2015-08-08,18468.916666666668
2015-08-09,18592.625
2015-08-10,20996.083333333332
2015-08-11,21216.541666666668
2015-08-12,20993.041666666668
2015-08-13,20485.75
2015-08-14,21099.0
2015-08-15,21110.583333333332
2015-08-16,21687.333333333332
2015-08-17,24907.416666666668
2015-08-18,24821.25
2015-08-19,24853.416666666668
2015-08-20,24589.583333333332
2015-08-21,22151.666666666668
2015-08-22,19128.0
2015-08-23,19270.583333333332
2015-08-24,22222.75
2015-08-25,22586.958333333332
2015-08-26,20420.416666666668
2015-08-27,19532.958333333332
2015-08-28,19192.25
2015-08-29,18426.0
2015-08-30,19731.5
2015-08-31,23492.416666666668
2015-09-01,23589.083333333332
2015-09-02,23654.041666666668
2015-09-03,24204.833333333332
2015-09-04,22819.875
2015-09-05,19582.375
2015-09-06,19011.75
2015-09-07,21240.916666666668
2015-09-08,25107.333333333332
2015-09-09,24845.25
2015-09-10,21757.166666666668
2015-09-11,20019.75
2015-09-12,18284.833333333332
2015-09-13,17459.333333333332
2015-09-14,17572.75
2015-09-15,18573.833333333332
2015-09-16,19850.0
2015-09-17,20556.75
2015-09-18,20428.041666666668
2015-09-19,19029.0
2015-09-20,17227.0
2015-09-21,17401.25
2015-09-22,17413.791666666668
2015-09-23,17503.541666666668
2015-09-24,18027.958333333332
2015-09-25,17670.208333333332
2015-09-26,15745.416666666666
2015-09-27,15376.833333333334
2015-09-28,18139.958333333332
2015-09-29,19797.25
2015-09-30,19074.416666666668
2015-10-01,16611.25
2015-10-02,16426.416666666668
2015-10-03,15480.833333333334
2015-10-04,14183.166666666666
2015-10-05,16364.416666666666
2015-10-06,16534.958333333332
2015-10-07,16679.041666666668
2015-10-08,16645.041666666668
2015-10-09,17102.666666666668
2015-10-10,14940.833333333334
2015-10-11,14682.0
2015-10-12,16368.666666666666
2015-10-13,16923.75
2015-10-14,16541.541666666668
2015-10-15,16379.708333333334
2015-10-16,16236.125
2015-10-17,15257.125
2015-10-18,15507.333333333334
2015-10-19,17123.625
2015-10-20,16805.833333333332
2015-10-21,16635.708333333332
2015-10-22,16722.208333333332
2015-10-23,16328.0
2015-10-24,15523.458333333334
2015-10-25,15113.833333333334
2015-10-26,16586.875
2015-10-27,16856.416666666668
2015-10-28,17256.666666666668
2015-10-29,16850.416666666668
2015-10-30,16369.666666666666
2015-10-31,15333.708333333334
2015-11-01,15075.36
2015-11-02,16535.125
2015-11-03,16616.625
2015-11-04,16587.916666666668
2015-11-05,16889.375
2015-11-06,17148.25
2015-11-07,15494.791666666666
2015-11-08,15157.833333333334
2015-11-09,16807.416666666668
2015-11-10,17027.541666666668
2015-11-11,16748.958333333332
2015-11-12,17041.75
2015-11-13,16705.916666666668
2015-11-14,15864.041666666666
2015-11-15,15368.458333333334
2015-11-16,16653.666666666668
2015-11-17,17050.125
2015-11-18,17070.25
2015-11-19,16958.25
2015-11-20,16561.166666666668
2015-11-21,15765.958333333334
2015-11-22,15674.208333333334
2015-11-23,17646.541666666668
2015-11-24,17870.958333333332
2015-11-25,17466.958333333332
2015-11-26,15289.333333333334
2015-11-27,15453.708333333334
2015-11-28,15593.291666666666
2015-11-29,15916.416666666666
2015-11-30,17785.041666666668
2015-12-01,17773.875
2015-12-02,17465.833333333332
2015-12-03,17422.916666666668
2015-12-04,17395.125
2015-12-05,16189.166666666666
2015-12-06,16238.625
2015-12-07,17694.833333333332
2015-12-08,17695.25
2015-12-09,17575.875
2015-12-10,17069.083333333332
2015-12-11,17001.625
2015-12-12,15836.5
2015-12-13,15542.75
2015-12-14,17137.166666666668
2015-12-15,17171.041666666668
2015-12-16,17484.75
2015-12-17,17665.958333333332
2015-12-18,17626.416666666668
2015-12-19,17203.375
2015-12-20,16909.333333333332
2015-12-21,17987.625
2015-12-22,17460.041666666668
2015-12-23,17273.166666666668
2015-12-24,16151.25
2015-12-25,14895.291666666666
2015-12-26,15496.333333333334
2015-12-27,15648.833333333334
2015-12-28,17562.458333333332
2015-12-29,17914.791666666668
2015-12-30,17475.0
2015-12-31,16929.166666666668
2016-01-01,16202.583333333334
2016-01-02,16762.583333333332
2016-01-03,16609.166666666668
2016-01-04,19177.208333333332
2016-01-05,20193.458333333332
2016-01-06,19342.375
2016-01-07,18734.666666666668
2016-01-08,18304.583333333332
2016-01-09,16553.916666666668
2016-01-10,16194.666666666666
2016-01-11,18688.166666666668
2016-01-12,19261.5
2016-01-13,19654.25
2016-01-14,19413.25
2016-01-15,18075.041666666668
2016-01-16,16682.041666666668
2016-01-17,17006.708333333332
2016-01-18,19228.5
2016-01-19,20281.708333333332
2016-01-20,19476.541666666668
2016-01-21,19335.916666666668
2016-01-22,19545.541666666668
2016-01-23,18574.875
2016-01-24,17955.666666666668
2016-01-25,18845.208333333332
2016-01-26,18501.5
2016-01-27,18340.416666666668
2016-01-28,18473.958333333332
2016-01-29,18508.291666666668
2016-01-30,17300.375
2016-01-31,16284.0
2016-02-01,17431.958333333332
2016-02-02,17614.375
2016-02-03,17764.541666666668
2016-02-04,17364.291666666668
2016-02-05,18145.75
2016-02-06,17128.833333333332
2016-02-07,16529.625
2016-02-08,18359.583333333332
2016-02-09,18682.291666666668
2016-02-10,18736.833333333332
2016-02-11,19897.041666666668
2016-02-12,20071.708333333332
2016-02-13,19674.041666666668
2016-02-14,20295.75
2016-02-15,20591.625
2016-02-16,18840.791666666668
2016-02-17,18611.25
2016-02-18,18868.583333333332
2016-02-19,18968.833333333332
2016-02-20,16387.5
2016-02-21,16037.25
2016-02-22,17633.0
2016-02-23,18523.625
2016-02-24,18432.875
2016-02-25,17781.708333333332
2016-02-26,18508.208333333332
2016-02-27,17284.833333333332
2016-02-28,15854.625
2016-02-29,17296.875
2016-03-01,17644.5
2016-03-02,17916.541666666668
2016-03-03,18603.125
2016-03-04,18493.458333333332
2016-03-05,17058.541666666668
2016-03-06,16289.875
2016-03-07,17344.833333333332
2016-03-08,16770.25
2016-03-09,16409.625
2016-03-10,16505.041666666668
2016-03-11,16347.583333333334
2016-03-12,15157.0
2016-03-13,14892.608695652174
2016-03-14,16925.75
2016-03-15,16775.958333333332
2016-03-16,16350.875
2016-03-17,16352.125
2016-03-18,16499.583333333332
2016-03-19,15714.916666666666
2016-03-20,15961.333333333334
2016-03-21,17333.708333333332
2016-03-22,17089.541666666668
2016-03-23,16696.666666666668
2016-03-24,16600.666666666668
2016-03-25,16100.041666666666
2016-03-26,15135.916666666666
2016-03-27,14431.75
2016-03-28,16546.166666666668
2016-03-29,16669.666666666668
2016-03-30,16545.625
2016-03-31,16337.375
2016-04-01,16347.583333333334
2016-04-02,15220.958333333334
2016-04-03,15799.708333333334
2016-04-04,17989.166666666668
2016-04-05,17922.083333333332
2016-04-06,17737.875
2016-04-07,16947.25
2016-04-08,16922.583333333332
2016-04-09,16126.0
2016-04-10,15696.75
2016-04-11,16933.125
2016-04-12,16732.333333333332
2016-04-13,16481.083333333332
2016-04-14,16266.0
2016-04-15,15935.708333333334
2016-04-16,14587.875
2016-04-17,14325.458333333334
2016-04-18,16015.541666666666
2016-04-19,16017.083333333334
2016-04-20,15899.875
2016-04-21,16071.125
2016-04-22,16391.458333333332
2016-04-23,14808.333333333334
2016-04-24,14094.75
2016-04-25,15818.791666666666
2016-04-26,16255.958333333334
2016-04-27,15865.041666666666
2016-04-28,15845.5
2016-04-29,15764.083333333334
2016-04-30,14402.333333333334
2016-05-01,14751.208333333334
2016-05-02,16235.666666666666
2016-05-03,16202.916666666666
2016-05-04,16214.708333333334
2016-05-05,16139.875
2016-05-06,16143.041666666666
2016-05-07,14656.041666666666
2016-05-08,14139.458333333334
2016-05-09,15910.125
2016-05-10,15848.791666666666
2016-05-11,15973.541666666666
2016-05-12,16362.083333333334
2016-05-13,16201.458333333334
2016-05-14,14826.125
2016-05-15,14497.583333333334
2016-05-16,16036.541666666666
2016-05-17,16126.666666666666
2016-05-18,16005.875
2016-05-19,16082.166666666666
2016-05-20,16085.791666666666
2016-05-21,14772.458333333334
2016-05-22,14509.333333333334
2016-05-23,16541.166666666668
2016-05-24,16766.416666666668
2016-05-25,17831.375
2016-05-26,19357.375
2016-05-27,20241.458333333332
2016-05-28,19873.125
2016-05-29,19225.875
2016-05-30,18814.75
2016-05-31,20683.208333333332
2016-06-01,19933.083333333332
2016-06-02,19274.0
2016-06-03,18548.0
2016-06-04,18087.166666666668
2016-06-05,17135.833333333332
2016-06-06,19500.5
2016-06-07,19602.333333333332
2016-06-08,17056.416666666668
2016-06-09,16467.666666666668
2016-06-10,16828.875
2016-06-11,17098.833333333332
2016-06-12,17387.708333333332
2016-06-13,17311.708333333332
2016-06-14,17742.375
2016-06-15,18988.416666666668
2016-06-16,19454.75
2016-06-17,19008.458333333332
2016-06-18,17973.291666666668
2016-06-19,18465.625
2016-06-20,21438.25
2016-06-21,21303.916666666668
2016-06-22,20348.25
2016-06-23,19980.708333333332
2016-06-24,20082.416666666668
2016-06-25,18811.291666666668
2016-06-26,19315.458333333332
2016-06-27,21344.166666666668
2016-06-28,20579.375
2016-06-29,20663.0
2016-06-30,20565.916666666668
2016-07-01,20135.583333333332
2016-07-02,17210.75
2016-07-03,16787.416666666668
2016-07-04,18022.583333333332
2016-07-05,22196.041666666668
2016-07-06,24335.208333333332
2016-07-07,24890.5
2016-07-08,23306.25
2016-07-09,18628.208333333332
2016-07-10,18201.583333333332
2016-07-11,20012.833333333332
2016-07-12,21363.916666666668
2016-07-13,23157.916666666668
2016-07-14,24269.083333333332
2016-07-15,24718.75
2016-07-16,21749.25
2016-07-17,21577.25
2016-07-18,24472.416666666668
2016-07-19,22021.875
2016-07-20,21077.041666666668
2016-07-21,22791.208333333332
2016-07-22,25392.916666666668
2016-07-23,24211.958333333332
2016-07-24,22635.083333333332
2016-07-25,24610.291666666668
2016-07-26,24486.916666666668
2016-07-27,24587.458333333332
2016-07-28,25071.416666666668
2016-07-29,23419.041666666668
2016-07-30,21204.125
2016-07-31,20259.208333333332
2016-08-01,21374.958333333332
2016-08-02,20830.5
2016-08-03,20766.75
2016-08-04,21479.75
2016-08-05,22121.958333333332
2016-08-06,21730.333333333332
2016-08-07,20449.916666666668
2016-08-08,22091.333333333332
2016-08-09,22756.583333333332
2016-08-10,24687.958333333332
2016-08-11,26596.125
2016-08-12,26588.083333333332
2016-08-13,26029.5
2016-08-14,25067.583333333332
2016-08-15,25366.583333333332
2016-08-16,25625.416666666668
2016-08-17,24291.833333333332
2016-08-18,23344.75
2016-08-19,23621.375
2016-08-20,21951.208333333332
2016-08-21,21598.041666666668
2016-08-22,20384.666666666668
2016-08-23,19499.375
2016-08-24,21362.875
2016-08-25,22410.541666666668
2016-08-26,24233.833333333332
2016-08-27,21429.708333333332
2016-08-28,21406.916666666668
2016-08-29,23570.333333333332
2016-08-30,22015.791666666668
2016-08-31,22624.5
2016-09-01,21185.416666666668
2016-09-02,19425.666666666668
2016-09-03,17118.333333333332
2016-09-04,16764.333333333332
2016-09-05,17569.083333333332
2016-09-06,20510.791666666668
2016-09-07,22061.708333333332
2016-09-08,23769.916666666668
2016-09-09,24958.25
2016-09-10,23231.958333333332
2016-09-11,20275.5
2016-09-12,18923.583333333332
2016-09-13,19542.0
2016-09-14,20644.833333333332
2016-09-15,18124.875
2016-09-16,17637.291666666668
2016-09-17,16790.041666666668
2016-09-18,18645.25
2016-09-19,20365.333333333332
2016-09-20,20511.541666666668
2016-09-21,19911.666666666668
2016-09-22,19712.208333333332
2016-09-23,19503.875
2016-09-24,16075.458333333334
2016-09-25,14965.416666666666
2016-09-26,16779.75
2016-09-27,17594.833333333332
2016-09-28,17189.291666666668
2016-09-29,16653.958333333332
2016-09-30,16374.708333333334
2016-10-01,15231.125
2016-10-02,14979.458333333334
2016-10-03,16585.916666666668
2016-10-04,16606.25
2016-10-05,16389.583333333332
2016-10-06,16610.041666666668
2016-10-07,16595.041666666668
2016-10-08,15414.375
2016-10-09,14848.75
2016-10-10,15810.083333333334
2016-10-11,16296.583333333334
2016-10-12,16270.625
2016-10-13,16501.25
2016-10-14,16097.208333333334
2016-10-15,14973.0
2016-10-16,14877.208333333334
2016-10-17,17124.375
2016-10-18,18020.25
2016-10-19,18119.375
2016-10-20,17111.375
2016-10-21,17375.166666666668
2016-10-22,15460.083333333334
2016-10-23,14881.375
2016-10-24,16339.708333333334
2016-10-25,16674.875
2016-10-26,16865.541666666668
2016-10-27,17535.5
2016-10-28,16843.333333333332
2016-10-29,15610.583333333334
2016-10-30,15133.166666666666
2016-10-31,16437.583333333332
2016-11-01,16774.75
2016-11-02,16546.333333333332
2016-11-03,16673.958333333332
2016-11-04,16241.5
2016-11-05,15301.208333333334
2016-11-06,14981.72
2016-11-07,16786.333333333332
2016-11-08,16772.416666666668
2016-11-09,16934.791666666668
2016-11-10,16845.666666666668
2016-11-11,16586.458333333332
2016-11-12,15890.333333333334
2016-11-13,15409.25
2016-11-14,16766.291666666668
2016-11-15,17061.5
2016-11-16,16739.5
2016-11-17,16689.0
2016-11-18,16532.666666666668
2016-11-19,15529.125
2016-11-20,16446.958333333332
2016-11-21,18366.375
2016-11-22,18222.666666666668
2016-11-23,17716.25
2016-11-24,15849.833333333334
2016-11-25,15979.0
2016-11-26,15774.041666666666
2016-11-27,15952.791666666666
2016-11-28,17379.25
2016-11-29,17468.083333333332
2016-11-30,17155.25
2016-12-01,17146.166666666668
2016-12-02,17275.958333333332
2016-12-03,16411.916666666668
2016-12-04,16234.041666666666
2016-12-05,17896.041666666668
2016-12-06,17915.958333333332
2016-12-07,17940.833333333332
2016-12-08,18124.333333333332
2016-12-09,18479.875
2016-12-10,17720.25
2016-12-11,17703.25
2016-12-12,18542.5
2016-12-13,18352.625
2016-12-14,18645.958333333332
2016-12-15,20212.708333333332
2016-12-16,20480.75
2016-12-17,18730.458333333332
2016-12-18,17558.791666666668
2016-12-19,19743.0
2016-12-20,19812.083333333332
2016-12-21,19037.791666666668
2016-12-22,18547.625
2016-12-23,17804.625
2016-12-24,16814.791666666668
2016-12-25,15882.083333333334
2016-12-26,17215.75
2016-12-27,17277.375
2016-12-28,17954.0
2016-12-29,18315.666666666668
2016-12-30,18056.125
2016-12-31,17280.0
2017-01-01,16060.208333333334
2017-01-02,17386.541666666668
2017-01-03,18084.083333333332
2017-01-04,17955.625
2017-01-05,19150.791666666668
2017-01-06,19196.583333333332
2017-01-07,19000.166666666668
2017-01-08,19063.083333333332
2017-01-09,20598.0
2017-01-10,19956.25
2017-01-11,18019.541666666668
2017-01-12,17393.291666666668
2017-01-13,17582.333333333332
2017-01-14,17619.958333333332
2017-01-15,17040.625
2017-01-16,18006.708333333332
2017-01-17,18251.083333333332
2017-01-18,17983.541666666668
2017-01-19,17673.0
2017-01-20,17605.125
2017-01-21,15960.0
2017-01-22,15781.791666666666
2017-01-23,17906.75
2017-01-24,18423.5
2017-01-25,17901.625
2017-01-26,17713.875
2017-01-27,17939.625
2017-01-28,17068.75
2017-01-29,16654.625
2017-01-30,18518.875
2017-01-31,19167.125
2017-02-01,18345.416666666668
2017-02-02,18340.25
2017-02-03,18802.041666666668
2017-02-04,17810.583333333332
2017-02-05,17213.333333333332
2017-02-06,17948.083333333332
2017-02-07,18328.5
2017-02-08,17429.416666666668
2017-02-09,18793.916666666668
2017-02-10,19314.791666666668
2017-02-11,17262.416666666668
2017-02-12,17401.958333333332
2017-02-13,18609.458333333332
2017-02-14,18318.75
2017-02-15,18059.791666666668
2017-02-16,18533.375
2017-02-17,18198.166666666668
2017-02-18,16143.25
2017-02-19,15107.291666666666
2017-02-20,16303.541666666666
2017-02-21,17305.833333333332
2017-02-22,16714.375
2017-02-23,16386.333333333332
2017-02-24,16092.541666666666
2017-02-25,15140.291666666666
2017-02-26,15846.541666666666
2017-02-27,17229.666666666668
2017-02-28,16764.666666666668
2017-03-01,16509.583333333332
2017-03-02,17081.75
2017-03-03,18055.25
2017-03-04,17951.666666666668
2017-03-05,17807.583333333332
2017-03-06,18133.708333333332
2017-03-07,17401.583333333332
2017-03-08,16512.583333333332
2017-03-09,16598.041666666668
2017-03-10,17995.625
2017-03-11,18318.625
2017-03-12,18056.260869565216
2017-03-13,19084.625
2017-03-14,18680.791666666668
2017-03-15,19316.208333333332
2017-03-16,18810.833333333332
2017-03-17,17930.625
2017-03-18,17087.625
2017-03-19,16114.0
2017-03-20,17366.625
2017-03-21,16888.291666666668
2017-03-22,17742.791666666668
2017-03-23,18116.208333333332
2017-03-24,17492.875
2017-03-25,16018.958333333334
2017-03-26,16030.0
2017-03-27,17122.791666666668
2017-03-28,17115.041666666668
2017-03-29,16586.041666666668
2017-03-30,16913.833333333332
2017-03-31,17500.625
2017-04-01,16164.708333333334
2017-04-02,15043.958333333334
2017-04-03,16300.833333333334
2017-04-04,16729.0
2017-04-05,16482.166666666668
2017-04-06,17084.75
2017-04-07,17024.166666666668
2017-04-08,15531.625
2017-04-09,14603.833333333334
2017-04-10,15827.833333333334
2017-04-11,15970.333333333334
2017-04-12,16053.791666666666
2017-04-13,15704.0
2017-04-14,15219.333333333334
2017-04-15,14398.833333333334
2017-04-16,14287.625
2017-04-17,15805.875
2017-04-18,15562.583333333334
2017-04-19,15977.416666666666
2017-04-20,15993.666666666666
2017-04-21,15931.291666666666
2017-04-22,14816.458333333334
2017-04-23,14129.625
2017-04-24,15622.833333333334
2017-04-25,16076.291666666666
2017-04-26,15256.333333333334
2017-04-27,16164.333333333334
2017-04-28,16265.541666666666
2017-04-29,15602.458333333334
2017-04-30,14528.041666666666
2017-05-01,16012.458333333334
2017-05-02,16299.75
2017-05-03,15716.25
2017-05-04,15704.5
2017-05-05,16095.5
2017-05-06,14648.25
2017-05-07,14361.125
2017-05-08,15826.0
2017-05-09,15876.875
2017-05-10,15716.416666666666
2017-05-11,15629.916666666666
2017-05-12,15520.291666666666
2017-05-13,14698.416666666666
2017-05-14,14082.333333333334
2017-05-15,15675.166666666666
2017-05-16,16065.833333333334
2017-05-17,18033.166666666668
2017-05-18,20846.166666666668
2017-05-19,20698.291666666668
2017-05-20,15407.666666666666
2017-05-21,14443.875
2017-05-22,16219.958333333334
2017-05-23,16153.25
2017-05-24,16280.541666666666
2017-05-25,16194.625
2017-05-26,16167.166666666666
2017-05-27,14771.0
2017-05-28,14511.833333333334
2017-05-29,14767.666666666666
2017-05-30,16089.5
2017-05-31,16518.958333333332
2017-06-01,16887.458333333332
2017-06-02,16384.041666666668
2017-06-03,14814.625
2017-06-04,14741.125
2017-06-05,16578.25
2017-06-06,16176.541666666666
2017-06-07,15919.458333333334
2017-06-08,16230.791666666666
2017-06-09,16741.125
2017-06-10,17056.625
2017-06-11,19422.208333333332
2017-06-12,23528.833333333332
2017-06-13,24261.333333333332
2017-06-14,21246.708333333332
2017-06-15,18799.041666666668
2017-06-16,18344.375
2017-06-17,18017.916666666668
2017-06-18,19975.0
2017-06-19,22023.5
2017-06-20,20815.0
2017-06-21,20524.416666666668
2017-06-22,20572.583333333332
2017-06-23,22394.0
2017-06-24,20268.166666666668
2017-06-25,18402.416666666668
2017-06-26,19011.291666666668
2017-06-27,18436.416666666668
2017-06-28,18352.541666666668
2017-06-29,19552.333333333332
2017-06-30,21517.708333333332
2017-07-01,20067.583333333332
2017-07-02,19967.5
2017-07-03,21240.208333333332
2017-07-04,18925.958333333332
2017-07-05,20832.708333333332
2017-07-06,20545.791666666668
2017-07-07,20619.958333333332
2017-07-08,19518.416666666668
2017-07-09,18184.583333333332
2017-07-10,19836.083333333332
2017-07-11,22751.041666666668
2017-07-12,23810.0
2017-07-13,23616.583333333332
2017-07-14,19930.041666666668
2017-07-15,18906.291666666668
2017-07-16,19582.375
2017-07-17,22472.708333333332
2017-07-18,23380.791666666668
2017-07-19,24580.916666666668
2017-07-20,24893.708333333332
2017-07-21,24685.791666666668
2017-07-22,22143.333333333332
2017-07-23,20206.0
2017-07-24,19559.25
2017-07-25,17872.208333333332
2017-07-26,18510.458333333332
2017-07-27,19453.166666666668
2017-07-28,20684.125
2017-07-29,17285.625
2017-07-30,17239.5
2017-07-31,20941.375
2017-08-01,22673.625
2017-08-02,22399.5
2017-08-03,22348.458333333332
2017-08-04,22449.125
2017-08-05,19050.583333333332
2017-08-06,16757.416666666668
2017-08-07,18321.958333333332
2017-08-08,18747.083333333332
2017-08-09,19818.375
2017-08-10,20721.333333333332
2017-08-11,20258.208333333332
2017-08-12,18683.083333333332
2017-08-13,19090.041666666668
2017-08-14,20600.333333333332
2017-08-15,20557.333333333332
2017-08-16,21219.541666666668
2017-08-17,20729.958333333332
2017-08-18,22471.5
2017-08-19,20817.041666666668
2017-08-20,19403.833333333332
2017-08-21,22037.291666666668
2017-08-22,23932.083333333332
2017-08-23,21162.416666666668
2017-08-24,19180.625
2017-08-25,18429.291666666668
2017-08-26,16564.875
2017-08-27,16121.166666666666
2017-08-28,17898.666666666668
2017-08-29,17470.625
2017-08-30,17669.25
2017-08-31,18351.833333333332
2017-09-01,16547.166666666668
2017-09-02,14923.083333333334
2017-09-03,15047.0
2017-09-04,16151.25
2017-09-05,19642.083333333332
2017-09-06,18319.958333333332
2017-09-07,17238.958333333332
2017-09-08,16683.458333333332
2017-09-09,15101.875
2017-09-10,14926.583333333334
2017-09-11,16898.583333333332
2017-09-12,17624.25
2017-09-13,18475.916666666668
2017-09-14,19782.458333333332
2017-09-15,20024.625
2017-09-16,18730.125
2017-09-17,18295.916666666668
2017-09-18,19745.5
2017-09-19,19602.083333333332
2017-09-20,19666.708333333332
2017-09-21,19669.416666666668
2017-09-22,18743.333333333332
2017-09-23,18247.208333333332
2017-09-24,19568.125
2017-09-25,22115.75
2017-09-26,21666.625
2017-09-27,22241.916666666668
2017-09-28,19308.333333333332
2017-09-29,16604.416666666668
2017-09-30,15085.416666666666
2017-10-01,14553.083333333334
2017-10-02,16309.875
2017-10-03,16554.958333333332
2017-10-04,17020.041666666668
2017-10-05,17970.958333333332
2017-10-06,18354.125
2017-10-07,17402.75
2017-10-08,17748.291666666668
2017-10-09,19399.083333333332
2017-10-10,19139.583333333332
2017-10-11,17937.541666666668
2017-10-12,16664.0
2017-10-13,16252.083333333334
2017-10-14,15581.541666666666
2017-10-15,15813.833333333334
2017-10-16,16287.791666666666
2017-10-17,16085.791666666666
2017-10-18,16168.916666666666
2017-10-19,16302.333333333334
2017-10-20,16090.666666666666
2017-10-21,14941.5
2017-10-22,14808.333333333334
2017-10-23,16933.166666666668
2017-10-24,17623.583333333332
2017-10-25,16569.25
2017-10-26,16181.958333333334
2017-10-27,15930.541666666666
2017-10-28,14904.916666666666
2017-10-29,15292.541666666666
2017-10-30,16340.208333333334
2017-10-31,16351.541666666666
2017-11-01,16733.291666666668
2017-11-02,16759.416666666668
2017-11-03,16563.166666666668
2017-11-04,15121.625
2017-11-05,15167.72
2017-11-06,16687.166666666668
2017-11-07,16854.25
2017-11-08,17050.416666666668
2017-11-09,17088.125
2017-11-10,17538.208333333332
2017-11-11,16975.125
2017-11-12,16301.833333333334
2017-11-13,17505.833333333332
2017-11-14,17503.375
2017-11-15,17304.916666666668
2017-11-16,17188.0
2017-11-17,17320.0
2017-11-18,16542.916666666668
2017-11-19,15933.5
2017-11-20,17688.333333333332
2017-11-21,17133.0
2017-11-22,17278.791666666668
2017-11-23,15917.75
2017-11-24,16020.125
2017-11-25,15602.75
2017-11-26,15882.875
2017-11-27,17524.541666666668
2017-11-28,17529.916666666668
2017-11-29,17034.041666666668
2017-11-30,17584.666666666668
2017-12-01,17036.666666666668
2017-12-02,16375.833333333334
2017-12-03,16202.541666666666
2017-12-04,17519.416666666668
2017-12-05,17402.083333333332
2017-12-06,17534.208333333332
2017-12-07,17900.125
2017-12-08,18235.333333333332
2017-12-09,17666.083333333332
2017-12-10,17402.333333333332
2017-12-11,18561.583333333332
2017-12-12,18729.458333333332
2017-12-13,19888.375
2017-12-14,19912.708333333332
2017-12-15,20118.25
2017-12-16,18632.041666666668
2017-12-17,18083.583333333332
2017-12-18,18854.708333333332
2017-12-19,18103.291666666668
2017-12-20,18408.625
2017-12-21,18780.0
2017-12-22,18797.375
2017-12-23,17465.041666666668
2017-12-24,16777.458333333332
2017-12-25,16900.0
2017-12-26,19358.125
2017-12-27,20298.291666666668
2017-12-28,21105.625
2017-12-29,20900.375
2017-12-30,20013.625
2017-12-31,20194.916666666668
2018-01-01,20383.625
2018-01-02,21324.833333333332
2018-01-03,20810.541666666668
2018-01-04,20828.125
2018-01-05,21910.041666666668
2018-01-06,21518.541666666668
2018-01-07,20909.75
2018-01-08,20725.916666666668
2018-01-09,19514.458333333332
2018-01-10,19150.625
2018-01-11,18220.666666666668
2018-01-12,17643.958333333332
2018-01-13,17860.916666666668
2018-01-14,19146.833333333332
2018-01-15,20378.0
2018-01-16,19939.791666666668
2018-01-17,19800.458333333332
2018-01-18,20167.083333333332
2018-01-19,19434.083333333332
2018-01-20,17238.0
2018-01-21,16638.541666666668
2018-01-22,17941.5
2018-01-23,17865.541666666668
2018-01-24,18525.625
2018-01-25,19352.5
2018-01-26,18889.75
2018-01-27,17025.458333333332
2018-01-28,16277.833333333334
2018-01-29,18081.208333333332
2018-01-30,19206.125
2018-01-31,19660.666666666668
2018-02-01,18628.666666666668
2018-02-02,19497.541666666668
2018-02-03,18885.458333333332
2018-02-04,17680.083333333332
2018-02-05,18865.208333333332
2018-02-06,19313.208333333332
2018-02-07,19568.708333333332
2018-02-08,19336.083333333332
2018-02-09,19415.583333333332
2018-02-10,17294.375
2018-02-11,16791.083333333332
2018-02-12,18022.416666666668
2018-02-13,18626.166666666668
2018-02-14,17911.125
2018-02-15,17294.333333333332
2018-02-16,17256.0
2018-02-17,17063.75
2018-02-18,16548.375
2018-02-19,17340.958333333332
2018-02-20,16802.625
2018-02-21,16659.666666666668
2018-02-22,17420.958333333332
2018-02-23,17820.166666666668
2018-02-24,16164.5
2018-02-25,16230.541666666666
2018-02-26,17237.791666666668
2018-02-27,17033.958333333332
2018-02-28,16686.708333333332
2018-03-01,16760.666666666668
2018-03-02,17645.75
2018-03-03,16344.25
2018-03-04,16252.958333333334
2018-03-05,17935.083333333332
2018-03-06,17508.208333333332
2018-03-07,18183.875
2018-03-08,18032.875
2018-03-09,18025.166666666668
2018-03-10,16925.5
2018-03-11,16312.04347826087
2018-03-12,17829.25
2018-03-13,18214.958333333332
2018-03-14,18182.416666666668
2018-03-15,17896.125
2018-03-16,17961.208333333332
2018-03-17,16791.75
2018-03-18,16472.041666666668
2018-03-19,17666.833333333332
2018-03-20,18246.208333333332
2018-03-21,18377.958333333332
2018-03-22,17781.208333333332
2018-03-23,17388.0
2018-03-24,16095.25
2018-03-25,16166.5
2018-03-26,17242.041666666668
2018-03-27,17537.75
2018-03-28,17194.166666666668
2018-03-29,16996.375
2018-03-30,16382.041666666666
2018-03-31,15325.125
2018-04-01,14951.083333333334
2018-04-02,16977.166666666668
2018-04-03,17488.833333333332
2018-04-04,17057.0
2018-04-05,17386.541666666668
2018-04-06,17435.75
2018-04-07,16090.458333333334
2018-04-08,16123.583333333334
2018-04-09,17287.5
2018-04-10,17233.916666666668
2018-04-11,16976.458333333332
2018-04-12,16764.875
2018-04-13,16297.666666666666
2018-04-14,15225.958333333334
2018-04-15,15891.958333333334
2018-04-16,17289.5
2018-04-17,17143.25
2018-04-18,16936.916666666668
2018-04-19,17095.875
2018-04-20,16740.708333333332
2018-04-21,15020.625
2018-04-22,14330.0
2018-04-23,15658.375
2018-04-24,15553.875
2018-04-25,16020.291666666666
2018-04-26,15832.833333333334
2018-04-27,15959.25
2018-04-28,14587.958333333334
2018-04-29,14588.333333333334
2018-04-30,16052.916666666666
2018-05-01,15725.041666666666
2018-05-02,16509.958333333332
2018-05-03,18178.583333333332
2018-05-04,18353.791666666668
2018-05-05,15239.5
2018-05-06,14581.958333333334
2018-05-07,15905.375
2018-05-08,15984.083333333334
2018-05-09,16273.5
2018-05-10,16073.041666666666
2018-05-11,15668.375
2018-05-12,14686.708333333334
2018-05-13,14207.958333333334
2018-05-14,15886.416666666666
2018-05-15,16989.958333333332
2018-05-16,16241.0
2018-05-17,16399.5
2018-05-18,15867.041666666666
2018-05-19,14890.708333333334
2018-05-20,15263.5
2018-05-21,16569.25
2018-05-22,16437.166666666668
2018-05-23,16963.041666666668
2018-05-24,17402.208333333332
2018-05-25,18329.333333333332
2018-05-26,18567.083333333332
2018-05-27,16242.541666666666
2018-05-28,15580.375
2018-05-29,19360.125
2018-05-30,19316.25
2018-05-31,18738.291666666668
2018-06-01,19682.041666666668
2018-06-02,18850.083333333332
2018-06-03,15642.416666666666
2018-06-04,16477.75
2018-06-05,16699.708333333332
2018-06-06,16450.5
2018-06-07,16693.041666666668
2018-06-08,17823.125
2018-06-09,16879.333333333332
2018-06-10,15819.791666666666
2018-06-11,16958.125
2018-06-12,17310.291666666668
2018-06-13,18291.791666666668
2018-06-14,18807.416666666668
2018-06-15,17763.083333333332
2018-06-16,17238.708333333332
2018-06-17,18797.333333333332
2018-06-18,23202.625
2018-06-19,22499.416666666668
2018-06-20,20164.541666666668
2018-06-21,20279.5
2018-06-22,18897.25
2018-06-23,16507.333333333332
2018-06-24,17482.5
2018-06-25,19097.958333333332
2018-06-26,18531.041666666668
2018-06-27,18503.958333333332
2018-06-28,20481.791666666668
2018-06-29,22263.583333333332
2018-06-30,22374.666666666668
2018-07-01,24351.333333333332
2018-07-02,26641.833333333332
2018-07-03,25687.166666666668
2018-07-04,23255.625
2018-07-05,25664.458333333332
2018-07-06,22765.5
2018-07-07,17254.625
2018-07-08,17739.958333333332
2018-07-09,21284.125
2018-07-10,23057.041666666668
2018-07-11,22615.833333333332
2018-07-12,21224.125
2018-07-13,21609.916666666668
2018-07-14,21238.333333333332
2018-07-15,21354.291666666668
2018-07-16,25169.416666666668
2018-07-17,24034.958333333332
2018-07-18,21182.208333333332
2018-07-19,20261.875
2018-07-20,21060.958333333332
2018-07-21,18690.916666666668
2018-07-22,19533.833333333332
2018-07-23,22941.875
2018-07-24,23825.208333333332
2018-07-25,22784.708333333332
2018-07-26,22909.916666666668
2018-07-27,22862.25
2018-07-28,20707.0
2018-07-29,19422.166666666668
2018-07-30,20617.416666666668
2018-07-31,21359.5
2018-08-01,23197.125
2018-08-02,24248.041666666668
2018-08-03,23416.416666666668
2018-08-04,21701.541666666668
2018-08-05,22458.541666666668
2018-08-06,25951.625
2018-08-07,25420.625
2018-08-08,24747.541666666668
2018-08-09,24513.125
2018-08-10,22945.625
2018-08-11,20063.875
2018-08-12,20256.291666666668
2018-08-13,21373.25
2018-08-14,21727.916666666668
2018-08-15,22969.125
2018-08-16,24362.458333333332
2018-08-17,24318.041666666668
2018-08-18,21336.583333333332
2018-08-19,18252.916666666668
2018-08-20,19596.208333333332
2018-08-21,20012.791666666668
2018-08-22,21172.625
2018-08-23,19351.541666666668
2018-08-24,19747.25
2018-08-25,18575.375
2018-08-26,19387.375
2018-08-27,23693.625
2018-08-28,26443.166666666668
2018-08-29,27121.458333333332
2018-08-30,24809.5
2018-08-31,20680.708333333332
2018-09-01,18806.541666666668
2018-09-02,19626.291666666668
2018-09-03,23129.875
2018-09-04,25616.625
2018-09-05,25951.041666666668
2018-09-06,25531.25
2018-09-07,21140.791666666668
2018-09-08,16950.666666666668
2018-09-09,15262.583333333334
2018-09-10,16721.25
2018-09-11,17725.291666666668
2018-09-12,19442.75
2018-09-13,19917.583333333332
2018-09-14,19943.0
2018-09-15,19106.125
2018-09-16,19621.416666666668
2018-09-17,20832.416666666668
2018-09-18,21316.25
2018-09-19,19916.708333333332
2018-09-20,18354.625
2018-09-21,18894.333333333332
2018-09-22,16506.708333333332
2018-09-23,15224.5
2018-09-24,16460.916666666668
2018-09-25,17293.583333333332
2018-09-26,19324.875
2018-09-27,17286.5
2018-09-28,16517.0
2018-09-29,15058.458333333334
2018-09-30,14814.541666666666
2018-10-01,17155.833333333332
2018-10-02,18047.583333333332
2018-10-03,17676.625
2018-10-04,17867.333333333332
2018-10-05,16660.541666666668
2018-10-06,15649.375
2018-10-07,16333.25
2018-10-08,17294.5
2018-10-09,18638.291666666668
2018-10-10,19519.5
2018-10-11,19397.208333333332
2018-10-12,16449.0
2018-10-13,14741.166666666666
2018-10-14,14401.708333333334
2018-10-15,16445.875
2018-10-16,16014.333333333334
2018-10-17,16209.458333333334
2018-10-18,16443.666666666668
2018-10-19,16231.625
2018-10-20,14927.958333333334
2018-10-21,15098.333333333334
2018-10-22,16629.291666666668
2018-10-23,16335.75
2018-10-24,16511.208333333332
2018-10-25,16612.25
2018-10-26,16590.416666666668
2018-10-27,15921.541666666666
2018-10-28,15186.333333333334
2018-10-29,16596.666666666668
2018-10-30,16576.958333333332
2018-10-31,16547.458333333332
2018-11-01,16582.541666666668
2018-11-02,16753.75
2018-11-03,15394.875
2018-11-04,15057.24
2018-11-05,16883.833333333332
2018-11-06,16795.25
2018-11-07,16402.791666666668
2018-11-08,16574.791666666668
2018-11-09,17076.125
2018-11-10,15961.125
2018-11-11,15793.0
2018-11-12,17067.25
2018-11-13,17394.958333333332
2018-11-14,17916.833333333332
2018-11-15,18673.833333333332
2018-11-16,18053.166666666668
2018-11-17,16587.916666666668
2018-11-18,16466.875
2018-11-19,17440.291666666668
2018-11-20,17651.958333333332
2018-11-21,18163.083333333332
2018-11-22,17570.125
2018-11-23,18188.458333333332
2018-11-24,17075.333333333332
2018-11-25,16077.541666666666
2018-11-26,17652.041666666668
2018-11-27,17950.875
2018-11-28,18276.041666666668
2018-11-29,18060.5
2018-11-30,17950.541666666668
2018-12-01,16676.416666666668
2018-12-02,16294.208333333334
2018-12-03,17332.791666666668
2018-12-04,18107.5
2018-12-05,18670.125
2018-12-06,18704.041666666668
2018-12-07,18554.083333333332
2018-12-08,17996.5
2018-12-09,17670.666666666668
2018-12-10,18739.416666666668
2018-12-11,18960.0
2018-12-12,18795.916666666668
2018-12-13,18946.583333333332
2018-12-14,18081.833333333332
2018-12-15,16672.5
2018-12-16,17041.291666666668
2018-12-17,18258.25
2018-12-18,18915.0
2018-12-19,18811.75
2018-12-20,18370.5
2018-12-21,17453.791666666668
2018-12-22,16784.25
2018-12-23,16829.25
2018-12-24,17164.25
2018-12-25,16228.833333333334
2018-12-26,17938.041666666668
2018-12-27,17778.875
2018-12-28,17359.5
2018-12-29,16224.833333333334
2018-12-30,16755.291666666668
2018-12-31,17255.875
2019-01-01,15854.75
2019-01-02,17947.208333333332
2019-01-03,17987.875
2019-01-04,17699.916666666668
2019-01-05,16673.166666666668
2019-01-06,16588.208333333332
2019-01-07,18923.041666666668
2019-01-08,18150.541666666668
2019-01-09,18016.458333333332
2019-01-10,18936.333333333332
2019-01-11,19478.875
2019-01-12,18459.75
2019-01-13,18127.541666666668
2019-01-14,19484.5
2019-01-15,19238.708333333332
2019-01-16,18940.666666666668
2019-01-17,19293.25
2019-01-18,18849.208333333332
2019-01-19,18126.125
2019-01-20,18593.583333333332
2019-01-21,21405.916666666668
2019-01-22,20869.541666666668
2019-01-23,19383.625
2019-01-24,18370.25
2019-01-25,18622.125
2019-01-26,18090.291666666668
2019-01-27,17441.0
2019-01-28,19165.041666666668
2019-01-29,19488.541666666668
2019-01-30,20274.208333333332
2019-01-31,21844.25
2019-02-01,21247.958333333332
2019-02-02,19325.25
2019-02-03,17147.208333333332
2019-02-04,17381.0
2019-02-05,17264.625
2019-02-06,17883.958333333332
2019-02-07,17837.583333333332
2019-02-08,17857.375
2019-02-09,18068.083333333332
2019-02-10,17577.416666666668
2019-02-11,18676.375
2019-02-12,19473.375
2019-02-13,18683.125
2019-02-14,18211.916666666668
2019-02-15,17660.208333333332
2019-02-16,16645.541666666668
2019-02-17,16804.833333333332
2019-02-18,18165.666666666668
2019-02-19,18908.916666666668
2019-02-20,19287.791666666668
2019-02-21,17805.083333333332
2019-02-22,17577.5
2019-02-23,16672.125
2019-02-24,16457.0
2019-02-25,18406.958333333332
2019-02-26,18947.75
2019-02-27,19539.5
2019-02-28,18898.25
2019-03-01,18532.791666666668
2019-03-02,17233.375
2019-03-03,16705.166666666668
2019-03-04,18367.458333333332
2019-03-05,19032.333333333332
2019-03-06,19618.875
2019-03-07,19621.541666666668
2019-03-08,18755.083333333332
2019-03-09,16823.833333333332
2019-03-10,17044.17391304348
2019-03-11,17470.625
2019-03-12,17755.5
2019-03-13,17693.958333333332
2019-03-14,16798.625
2019-03-15,16442.833333333332
2019-03-16,15826.791666666666
2019-03-17,16080.916666666666
2019-03-18,17482.875
2019-03-19,17294.291666666668
2019-03-20,16888.25
2019-03-21,17170.375
2019-03-22,17306.25
2019-03-23,16402.208333333332
2019-03-24,15599.375
2019-03-25,16599.958333333332
2019-03-26,16965.958333333332
2019-03-27,16960.791666666668
2019-03-28,16859.625
2019-03-29,16468.083333333332
2019-03-30,14871.083333333334
2019-03-31,15162.416666666666
2019-04-01,16856.541666666668
2019-04-02,16731.291666666668
2019-04-03,16212.916666666666
2019-04-04,16224.041666666666
2019-04-05,16985.208333333332
2019-04-06,14945.041666666666
2019-04-07,14287.25
2019-04-08,15841.708333333334
2019-04-09,15932.25
2019-04-10,15984.5
2019-04-11,16451.916666666668
2019-04-12,15961.5
2019-04-13,14379.041666666666
2019-04-14,14537.958333333334
2019-04-15,16030.5
2019-04-16,15772.708333333334
2019-04-17,14713.0
2019-04-18,15711.958333333334
2019-04-19,15263.541666666666
2019-04-20,14485.0
2019-04-21,13721.916666666666
2019-04-22,15241.666666666666
2019-04-23,15320.333333333334
2019-04-24,15330.583333333334
2019-04-25,15034.25
2019-04-26,15500.5
2019-04-27,14550.458333333334
2019-04-28,14462.208333333334
2019-04-29,15543.708333333334
2019-04-30,15681.75
2019-05-01,15760.083333333334
2019-05-02,15626.791666666666
2019-05-03,15467.708333333334
2019-05-04,14277.583333333334
2019-05-05,14194.458333333334
2019-05-06,15181.708333333334
2019-05-07,15385.125
2019-05-08,15263.833333333334
2019-05-09,15392.541666666666
2019-05-10,15690.0
2019-05-11,13955.916666666666
2019-05-12,14376.5
2019-05-13,16111.833333333334
2019-05-14,16074.291666666666
2019-05-15,15470.958333333334
2019-05-16,15347.916666666666
2019-05-17,15664.583333333334
2019-05-18,14090.291666666666
2019-05-19,14766.291666666666
2019-05-20,17547.5
2019-05-21,15774.541666666666
2019-05-22,15673.291666666666
2019-05-23,16183.958333333334
2019-05-24,16096.666666666666
2019-05-25,14473.916666666666
2019-05-26,15464.541666666666
2019-05-27,15775.416666666666
2019-05-28,16795.125
2019-05-29,16400.291666666668
2019-05-30,16173.416666666666
2019-05-31,16911.916666666668
2019-06-01,15915.583333333334
2019-06-02,15981.166666666666
2019-06-03,16182.791666666666
2019-06-04,15967.958333333334
2019-06-05,17365.75
2019-06-06,18815.0
2019-06-07,18069.416666666668
2019-06-08,16342.333333333334
2019-06-09,15751.625
2019-06-10,17177.583333333332
2019-06-11,17205.916666666668
2019-06-12,16809.083333333332
2019-06-13,16442.458333333332
2019-06-14,16192.0
2019-06-15,15662.875
2019-06-16,16233.708333333334
2019-06-17,18261.583333333332
2019-06-18,18345.666666666668
2019-06-19,18273.791666666668
2019-06-20,18683.583333333332
2019-06-21,17958.916666666668
2019-06-22,16316.75
2019-06-23,16809.291666666668
2019-06-24,19512.458333333332
2019-06-25,20684.708333333332
2019-06-26,21440.833333333332
2019-06-27,22016.375
2019-06-28,22154.916666666668
2019-06-29,21309.375
2019-06-30,18880.208333333332
2019-07-01,20118.541666666668
2019-07-02,21251.75
2019-07-03,22644.166666666668
2019-07-04,21398.833333333332
2019-07-05,22636.541666666668
2019-07-06,22318.75
2019-07-07,20082.875
2019-07-08,20192.583333333332
2019-07-09,21449.833333333332
2019-07-10,23159.75
2019-07-11,23243.041666666668
2019-07-12,22193.083333333332
2019-07-13,20608.208333333332
2019-07-14,21311.291666666668
2019-07-15,22067.333333333332
2019-07-16,23689.5
2019-07-17,25028.958333333332
2019-07-18,23238.291666666668
2019-07-19,24399.583333333332
2019-07-20,25972.708333333332
2019-07-21,25813.416666666668
2019-07-22,23905.958333333332
2019-07-23,20647.875
2019-07-24,20476.75
2019-07-25,20877.875
2019-07-26,21586.75
2019-07-27,20831.833333333332
2019-07-28,21853.208333333332
2019-07-29,24897.083333333332
2019-07-30,25431.541666666668
2019-07-31,23500.333333333332
2019-08-01,22174.041666666668
2019-08-02,21677.375
2019-08-03,21034.75
2019-08-04,20423.416666666668
2019-08-05,21120.958333333332
2019-08-06,21578.083333333332
2019-08-07,21823.708333333332
2019-08-08,21595.75
2019-08-09,20473.0
2019-08-10,18019.0
2019-08-11,17427.083333333332
2019-08-12,20699.208333333332
2019-08-13,21417.166666666668
2019-08-14,21190.583333333332
2019-08-15,20914.333333333332
2019-08-16,20718.583333333332
2019-08-17,20567.958333333332
2019-08-18,21323.958333333332
2019-08-19,23382.458333333332
2019-08-20,23058.75
2019-08-21,23611.583333333332
2019-08-22,22937.25
2019-08-23,19322.0
2019-08-24,16582.833333333332
2019-08-25,16234.583333333334
2019-08-26,17469.875
2019-08-27,17729.791666666668
2019-08-28,18961.541666666668
2019-08-29,18929.833333333332
2019-08-30,19314.0
2019-08-31,17417.916666666668
2019-09-01,16300.583333333334
2019-09-02,17349.083333333332
2019-09-03,19226.041666666668
2019-09-04,20288.041666666668
2019-09-05,18146.041666666668
2019-09-06,16929.333333333332
2019-09-07,15368.875
2019-09-08,15667.333333333334
2019-09-09,17580.125
2019-09-10,18312.833333333332
2019-09-11,20846.041666666668
2019-09-12,19652.583333333332
2019-09-13,16680.541666666668
2019-09-14,16154.291666666666
2019-09-15,17005.875
2019-09-16,18196.458333333332
2019-09-17,17141.791666666668
2019-09-18,16446.0
2019-09-19,16004.25
2019-09-20,16385.291666666668
2019-09-21,16283.333333333334
2019-09-22,17630.75
2019-09-23,20643.583333333332
2019-09-24,18285.208333333332
2019-09-25,17401.375
2019-09-26,17819.833333333332
2019-09-27,16752.041666666668
2019-09-28,16798.208333333332
2019-09-29,16438.458333333332
2019-09-30,16606.875
2019-10-01,18199.625
2019-10-02,19907.041666666668
2019-10-03,16611.791666666668
2019-10-04,15867.875
2019-10-05,14339.916666666666
2019-10-06,14895.583333333334
2019-10-07,16872.958333333332
2019-10-08,15879.25
2019-10-09,15654.416666666666
2019-10-10,15596.375
2019-10-11,15543.791666666666
2019-10-12,14452.958333333334
2019-10-13,14046.666666666666
2019-10-14,15614.875
2019-10-15,15546.708333333334
2019-10-16,16145.208333333334
2019-10-17,15995.166666666666
2019-10-18,15702.541666666666
2019-10-19,14376.5
2019-10-20,14546.041666666666
2019-10-21,15584.708333333334
2019-10-22,15986.75
2019-10-23,15641.166666666666
2019-10-24,15734.0
2019-10-25,15746.458333333334
2019-10-26,14416.291666666666
2019-10-27,14894.791666666666
2019-10-28,15626.375
2019-10-29,15796.541666666666
2019-10-30,15930.791666666666
2019-10-31,16399.958333333332
2019-11-01,15716.208333333334
2019-11-02,14891.708333333334
2019-11-03,14887.52
2019-11-04,16331.666666666666
2019-11-05,16389.666666666668
2019-11-06,16199.583333333334
2019-11-07,16738.875
2019-11-08,17106.708333333332
2019-11-09,16292.083333333334
2019-11-10,15644.416666666666
2019-11-11,16718.708333333332
2019-11-12,17855.458333333332
2019-11-13,18560.458333333332
2019-11-14,18295.458333333332
2019-11-15,17395.333333333332
2019-11-16,16597.458333333332
2019-11-17,16736.5
2019-11-18,17608.416666666668
2019-11-19,17316.291666666668
2019-11-20,17396.583333333332
2019-11-21,17075.125
2019-11-22,17122.791666666668
2019-11-23,16185.083333333334
2019-11-24,16247.875
2019-11-25,16958.916666666668
2019-11-26,16652.833333333332
2019-11-27,16734.041666666668
2019-11-28,15448.5
2019-11-29,16522.416666666668
2019-11-30,16461.791666666668
2019-12-01,17472.875
2019-12-02,18527.916666666668
2019-12-03,18509.125
2019-12-04,18426.708333333332
2019-12-05,18235.166666666668
2019-12-06,18168.875
2019-12-07,17372.083333333332
2019-12-08,17373.833333333332
2019-12-09,17781.625
2019-12-10,17413.208333333332
2019-12-11,18511.958333333332
2019-12-12,18915.958333333332
2019-12-13,18316.333333333332
2019-12-14,16566.208333333332
2019-12-15,16712.25
2019-12-16,18520.166666666668
2019-12-17,18963.416666666668
2019-12-18,19090.625
2019-12-19,20365.541666666668
2019-12-20,19800.791666666668
2019-12-21,18569.583333333332
2019-12-22,17313.5
2019-12-23,17408.458333333332
2019-12-24,16716.541666666668
2019-12-25,15896.208333333334
2019-12-26,17351.5
2019-12-27,16917.291666666668
2019-12-28,16018.041666666666
2019-12-29,16287.541666666666
2019-12-30,17501.541666666668
2019-12-31,17124.541666666668
2020-01-01,16471.5
2020-01-02,17374.375
2020-01-03,17145.041666666668
2020-01-04,16244.958333333334
2020-01-05,16522.5
2020-01-06,18014.75
2020-01-07,18030.416666666668
2020-01-08,18407.291666666668
2020-01-09,19046.708333333332
2020-01-10,17923.416666666668
2020-01-11,15605.208333333334
2020-01-12,15284.208333333334
2020-01-13,17488.875
2020-01-14,17427.375
2020-01-15,17004.375
2020-01-16,17683.916666666668
2020-01-17,19078.416666666668
2020-01-18,18712.208333333332
2020-01-19,17203.083333333332
2020-01-20,18982.208333333332
2020-01-21,19436.416666666668
2020-01-22,18785.833333333332
2020-01-23,18311.333333333332
2020-01-24,17494.75
2020-01-25,16791.291666666668
2020-01-26,16246.916666666666
2020-01-27,17664.875
2020-01-28,17810.583333333332
2020-01-29,18022.0
2020-01-30,18487.625
2020-01-31,18092.791666666668
2020-02-01,16764.583333333332
2020-02-02,16421.666666666668
2020-02-03,17122.583333333332
2020-02-04,17306.208333333332
2020-02-05,17528.083333333332
2020-02-06,18069.541666666668
2020-02-07,17964.125
2020-02-08,17295.541666666668
2020-02-09,16976.708333333332
2020-02-10,17710.708333333332
2020-02-11,17483.666666666668
2020-02-12,17320.708333333332
2020-02-13,17863.375
2020-02-14,18404.958333333332
2020-02-15,18194.583333333332
2020-02-16,16767.583333333332
2020-02-17,16923.833333333332
2020-02-18,17867.375
2020-02-19,17335.791666666668
2020-02-20,18288.833333333332
2020-02-21,18364.291666666668
2020-02-22,16572.375
2020-02-23,15696.291666666666
2020-02-24,16541.166666666668
2020-02-25,16832.0
2020-02-26,17119.0
2020-02-27,17614.75
2020-02-28,18122.083333333332
2020-02-29,17252.166666666668
2020-03-01,16547.416666666668
2020-03-02,16842.0
2020-03-03,16329.583333333334
2020-03-04,16389.625
2020-03-05,16408.875
2020-03-06,17031.291666666668
2020-03-07,15865.583333333334
2020-03-08,15247.347826086956
2020-03-09,15678.708333333334
2020-03-10,15934.416666666666
2020-03-11,16030.458333333334
2020-03-12,16419.291666666668
2020-03-13,16029.541666666666
2020-03-14,15095.5
2020-03-15,14742.75
2020-03-16,16301.916666666666
2020-03-17,16452.416666666668
2020-03-18,15702.25
2020-03-19,15837.791666666666
2020-03-20,15328.5
2020-03-21,14331.208333333334
2020-03-22,14682.333333333334
2020-03-23,16487.75
2020-03-24,15465.791666666666
2020-03-25,15592.166666666666
2020-03-26,14806.0
2020-03-27,14156.458333333334
2020-03-28,14483.708333333334
2020-03-29,14360.75
2020-03-30,15050.666666666666
2020-03-31,15056.583333333334
2020-04-01,14582.125
2020-04-02,14651.166666666666
2020-04-03,14929.916666666666
2020-04-04,13668.916666666666
2020-04-05,13412.416666666666
2020-04-06,13896.916666666666
2020-04-07,13792.5
2020-04-08,14100.791666666666
2020-04-09,14687.666666666666
2020-04-10,14915.875
2020-04-11,13909.75
2020-04-12,13534.25
2020-04-13,14501.75
2020-04-14,14188.791666666666
2020-04-15,14413.708333333334
2020-04-16,14743.875
2020-04-17,14839.583333333334
2020-04-18,14411.833333333334
2020-04-19,13569.083333333334
2020-04-20,14152.041666666666
2020-04-21,14924.041666666666
2020-04-22,14985.125
2020-04-23,15077.041666666666
2020-04-24,14943.583333333334
2020-04-25,13241.958333333334
2020-04-26,13982.125
2020-04-27,14838.0
2020-04-28,14063.916666666666
2020-04-29,14416.166666666666
2020-04-30,14621.833333333334
2020-05-01,14152.666666666666
2020-05-02,12952.125
2020-05-03,12839.625
2020-05-04,14053.791666666666
2020-05-05,13845.833333333334
2020-05-06,14363.625
2020-05-07,13972.0
2020-05-08,14438.5
2020-05-09,14338.458333333334
2020-05-10,13433.166666666666
2020-05-11,14556.5
2020-05-12,14443.0
2020-05-13,14137.791666666666
2020-05-14,14082.416666666666
2020-05-15,14562.166666666666
2020-05-16,13740.625
2020-05-17,13123.208333333334
2020-05-18,14116.5
2020-05-19,13849.458333333334
2020-05-20,13813.041666666666
2020-05-21,13873.625
2020-05-22,14468.291666666666
2020-05-23,14266.833333333334
2020-05-24,13401.125
2020-05-25,14143.875
2020-05-26,16370.958333333334
2020-05-27,17042.541666666668
2020-05-28,16952.125
2020-05-29,17308.916666666668
2020-05-30,15344.166666666666
2020-05-31,13544.25
2020-06-01,14286.541666666666
2020-06-02,14784.041666666666
2020-06-03,16139.916666666666
2020-06-04,17583.125
2020-06-05,18236.375
2020-06-06,17598.416666666668
2020-06-07,14859.833333333334
2020-06-08,15977.791666666666
2020-06-09,18137.5
2020-06-10,19978.25
2020-06-11,19136.583333333332
2020-06-12,17848.166666666668
2020-06-13,14876.916666666666
2020-06-14,14076.125
2020-06-15,15579.458333333334
2020-06-16,16086.083333333334
2020-06-17,16885.833333333332
2020-06-18,18241.666666666668
2020-06-19,19144.875
2020-06-20,18945.083333333332
2020-06-21,19480.333333333332
2020-06-22,22056.75
2020-06-23,22005.0
2020-06-24,20577.625
2020-06-25,19361.125
2020-06-26,19633.166666666668
2020-06-27,18140.708333333332
2020-06-28,19174.0
2020-06-29,20475.625
2020-06-30,19259.625
2020-07-01,19451.458333333332
2020-07-02,21022.916666666668
2020-07-03,21098.75
2020-07-04,19191.0
2020-07-05,20043.041666666668
2020-07-06,22275.5
2020-07-07,21585.958333333332
2020-07-08,22754.625
2020-07-09,23676.75
2020-07-10,22442.666666666668
2020-07-11,21065.125
2020-07-12,20443.541666666668
2020-07-13,21780.333333333332
2020-07-14,21156.125
2020-07-15,20863.166666666668
2020-07-16,19901.958333333332
2020-07-17,20328.458333333332
2020-07-18,21291.291666666668
2020-07-19,22818.0
2020-07-20,25331.208333333332
2020-07-21,23713.875
2020-07-22,23881.083333333332
2020-07-23,23473.25
2020-07-24,21835.75
2020-07-25,21478.833333333332
2020-07-26,22619.541666666668
2020-07-27,25254.375
2020-07-28,25431.791666666668
2020-07-29,23733.583333333332
2020-07-30,23534.458333333332
2020-07-31,21498.416666666668
2020-08-01,20920.875
2020-08-02,22205.541666666668
2020-08-03,23510.833333333332
2020-08-04,20428.833333333332
2020-08-05,19858.583333333332
2020-08-06,19146.916666666668
2020-08-07,19089.666666666668
2020-08-08,19142.333333333332
2020-08-09,20221.458333333332
2020-08-10,24067.083333333332
2020-08-11,24436.0
2020-08-12,23716.875
2020-08-13,21921.708333333332
2020-08-14,21859.666666666668
2020-08-15,19425.208333333332
2020-08-16,17532.666666666668
2020-08-17,18835.458333333332
2020-08-18,19156.75
2020-08-19,18214.5
2020-08-20,17923.541666666668
2020-08-21,19580.5
2020-08-22,20356.041666666668
2020-08-23,20597.916666666668
2020-08-24,23353.25
2020-08-25,22694.833333333332
2020-08-26,18559.375
2020-08-27,20509.208333333332
2020-08-28,20369.625
2020-08-29,19499.916666666668
2020-08-30,16922.958333333332
2020-08-31,17476.666666666668
2020-09-01,18779.333333333332
2020-09-02,19958.666666666668
2020-09-03,20351.708333333332
2020-09-04,19763.458333333332
2020-09-05,16555.041666666668
2020-09-06,16479.5
2020-09-07,17364.666666666668
2020-09-08,19681.958333333332
2020-09-09,19991.375
2020-09-10,20760.833333333332
2020-09-11,18422.958333333332
2020-09-12,15350.125
2020-09-13,15909.333333333334
2020-09-14,17075.333333333332
2020-09-15,15344.75
2020-09-16,15599.5
2020-09-17,16523.5
2020-09-18,15721.875
2020-09-19,13755.916666666666
2020-09-20,13606.291666666666
2020-09-21,14977.208333333334
2020-09-22,15116.375
2020-09-23,15760.083333333334
2020-09-24,16175.916666666666
2020-09-25,16473.916666666668
2020-09-26,15588.875
2020-09-27,16442.958333333332
2020-09-28,18137.791666666668
2020-09-29,17618.833333333332
2020-09-30,16270.541666666666
2020-10-01,15708.708333333334
2020-10-02,15385.833333333334
2020-10-03,14092.916666666666
2020-10-04,14047.5
2020-10-05,15380.0
2020-10-06,15399.333333333334
2020-10-07,15575.083333333334
2020-10-08,15018.0
2020-10-09,15009.416666666666
2020-10-10,14423.541666666666
2020-10-11,14073.541666666666
2020-10-12,15283.75
2020-10-13,15529.625
2020-10-14,15169.25
2020-10-15,15464.083333333334
2020-10-16,15696.875
2020-10-17,14211.791666666666
2020-10-18,14187.833333333334
2020-10-19,15483.75
2020-10-20,15788.833333333334
2020-10-21,15874.875
2020-10-22,16006.083333333334
2020-10-23,15838.333333333334
2020-10-24,14635.125
2020-10-25,14320.0
2020-10-26,15957.833333333334
2020-10-27,15756.5
2020-10-28,15939.0
2020-10-29,16271.166666666666
2020-10-30,16582.875
2020-10-31,15374.125
2020-11-01,15350.36
2020-11-02,16855.416666666668
2020-11-03,16617.75
2020-11-04,16046.125
2020-11-05,15606.416666666666
2020-11-06,15302.875
2020-11-07,14245.416666666666
2020-11-08,14027.583333333334
2020-11-09,15340.0
2020-11-10,15502.083333333334
2020-11-11,15760.708333333334
2020-11-12,15880.625
2020-11-13,16116.541666666666
2020-11-14,14977.708333333334
2020-11-15,15027.375
2020-11-16,15973.416666666666
2020-11-17,16711.208333333332
2020-11-18,17390.166666666668
2020-11-19,16995.541666666668
2020-11-20,15729.166666666666
2020-11-21,14788.041666666666
2020-11-22,15355.25
2020-11-23,16289.833333333334
2020-11-24,16509.166666666668
2020-11-25,16362.208333333334
2020-11-26,14786.541666666666
2020-11-27,14720.208333333334
2020-11-28,14865.875
2020-11-29,14907.291666666666
2020-11-30,16569.666666666668
2020-12-01,16318.166666666666
2020-12-02,17232.708333333332
2020-12-03,16882.791666666668
2020-12-04,16682.25
2020-12-05,16199.583333333334
2020-12-06,16384.416666666668
2020-12-07,17814.083333333332
2020-12-08,18303.583333333332
2020-12-09,18231.083333333332
2020-12-10,17392.416666666668
2020-12-11,16897.458333333332
2020-12-12,16004.958333333334
2020-12-13,15418.166666666666
2020-12-14,17573.833333333332
2020-12-15,18076.333333333332
2020-12-16,19280.791666666668
2020-12-17,19021.083333333332
2020-12-18,19166.333333333332
2020-12-19,18374.666666666668
2020-12-20,17556.416666666668
2020-12-21,17895.625
2020-12-22,17744.416666666668
2020-12-23,17650.416666666668
2020-12-24,16472.416666666668
2020-12-25,15617.958333333334
2020-12-26,17282.333333333332
2020-12-27,17065.916666666668
2020-12-28,17446.791666666668
2020-12-29,17729.041666666668
2020-12-30,17985.625
2020-12-31,17075.166666666668
2021-01-01,16435.75
2021-01-02,16114.875
2021-01-03,16698.875
2021-01-04,17493.916666666668
2021-01-05,17542.333333333332
2021-01-06,17717.875
2021-01-07,17903.791666666668
2021-01-08,18235.541666666668
2021-01-09,17387.375
2021-01-10,16965.25
2021-01-11,18312.041666666668
2021-01-12,17957.583333333332
2021-01-13,17855.625
2021-01-14,17377.208333333332
2021-01-15,17420.5
2021-01-16,16326.583333333334
2021-01-17,16172.583333333334
2021-01-18,17055.958333333332
2021-01-19,17812.625
2021-01-20,18118.25
2021-01-21,18370.791666666668
2021-01-22,17708.958333333332
2021-01-23,17632.458333333332
2021-01-24,17783.75
2021-01-25,18595.208333333332
2021-01-26,18740.708333333332
2021-01-27,18463.458333333332
2021-01-28,19061.708333333332
2021-01-29,20078.875
2021-01-30,18833.416666666668
2021-01-31,18814.083333333332
2021-02-01,19360.083333333332
2021-02-02,18940.875
2021-02-03,18798.208333333332
2021-02-04,18164.916666666668
2021-02-05,17810.375
2021-02-06,16958.166666666668
2021-02-07,17722.416666666668
2021-02-08,19170.958333333332
2021-02-09,19248.25
2021-02-10,18820.083333333332
2021-02-11,18985.375
2021-02-12,19252.958333333332
2021-02-13,18377.708333333332
2021-02-14,17541.458333333332
2021-02-15,18260.333333333332
2021-02-16,17983.625
2021-02-17,18540.75
2021-02-18,19216.166666666668
2021-02-19,18834.958333333332
2021-02-20,17624.041666666668
2021-02-21,17247.5
2021-02-22,18585.916666666668
2021-02-23,17879.708333333332
2021-02-24,16889.583333333332
2021-02-25,16868.416666666668
2021-02-26,16938.666666666668
2021-02-27,16218.958333333334
2021-02-28,15892.208333333334
2021-03-01,17289.458333333332
2021-03-02,18218.125
2021-03-03,17088.875
2021-03-04,17235.75
2021-03-05,17870.541666666668
2021-03-06,17203.041666666668
2021-03-07,16393.125
2021-03-08,17501.666666666668
2021-03-09,16255.458333333334
2021-03-10,15914.875
2021-03-11,15520.333333333334
2021-03-12,15132.083333333334
2021-03-13,15059.75
2021-03-14,15309.695652173914
2021-03-15,17601.75
2021-03-16,18040.666666666668
2021-03-17,16934.041666666668
2021-03-18,17101.291666666668
2021-03-19,16795.416666666668
2021-03-20,15246.291666666666
2021-03-21,14441.166666666666
2021-03-22,15198.666666666666
2021-03-23,15024.666666666666
2021-03-24,15435.208333333334
2021-03-25,14843.416666666666
2021-03-26,14913.875
2021-03-27,13752.291666666666
2021-03-28,14308.583333333334
2021-03-29,15289.791666666666
2021-03-30,14951.208333333334
2021-03-31,15283.458333333334
2021-04-01,15784.041666666666
2021-04-02,15947.291666666666
2021-04-03,14683.791666666666
2021-04-04,13709.041666666666
2021-04-05,14696.083333333334
2021-04-06,14660.666666666666
2021-04-07,14566.458333333334
2021-04-08,14462.708333333334
2021-04-09,14518.625
2021-04-10,13532.041666666666
2021-04-11,13792.458333333334
2021-04-12,15350.625
2021-04-13,14807.583333333334
2021-04-14,14638.291666666666
2021-04-15,15466.875
2021-04-16,15546.875
2021-04-17,14222.25
2021-04-18,13551.291666666666
2021-04-19,14619.375
2021-04-20,14914.583333333334
2021-04-21,15570.25
2021-04-22,15957.25
2021-04-23,15004.166666666666
2021-04-24,13515.75
2021-04-25,13743.541666666666
2021-04-26,14772.166666666666
2021-04-27,14804.875
2021-04-28,14887.5
2021-04-29,15396.916666666666
2021-04-30,14987.833333333334
2021-05-01,13586.791666666666
2021-05-02,13529.541666666666
2021-05-03,14832.708333333334
2021-05-04,14952.75
2021-05-05,15034.166666666666
2021-05-06,14391.75
2021-05-07,14535.666666666666
2021-05-08,13882.083333333334
2021-05-09,13401.041666666666
2021-05-10,14850.875
2021-05-11,14729.875
2021-05-12,14642.625
2021-05-13,14584.541666666666
2021-05-14,14627.583333333334
2021-05-15,13668.75
2021-05-16,13641.0
2021-05-17,15092.666666666666
2021-05-18,15733.375
2021-05-19,16822.25
2021-05-20,16711.125
2021-05-21,16951.791666666668
2021-05-22,16951.25
2021-05-23,17748.208333333332
2021-05-24,16022.833333333334
2021-05-25,16498.5
2021-05-26,18501.958333333332
2021-05-27,17549.333333333332
2021-05-28,15699.75
2021-05-29,14351.791666666666
2021-05-30,14108.875
2021-05-31,13816.416666666666
2021-06-01,15371.5
2021-06-02,16023.958333333334
2021-06-03,16453.125
2021-06-04,17383.333333333332
2021-06-05,18126.708333333332
2021-06-06,20004.5
2021-06-07,22421.166666666668
2021-06-08,22310.75
2021-06-09,22748.25
2021-06-10,20086.416666666668
2021-06-11,17303.083333333332
2021-06-12,15970.791666666666
2021-06-13,16034.708333333334
2021-06-14,17413.333333333332
2021-06-15,17711.5
2021-06-16,16732.791666666668
2021-06-17,16582.958333333332
2021-06-18,17665.0
2021-06-19,18752.958333333332
2021-06-20,18809.333333333332
2021-06-21,22134.958333333332
2021-06-22,18622.208333333332
2021-06-23,16373.416666666666
2021-06-24,17140.041666666668
2021-06-25,18137.333333333332
2021-06-26,19353.333333333332
2021-06-27,21254.333333333332
2021-06-28,24771.25
2021-06-29,25788.708333333332
2021-06-30,25604.875
2021-07-01,22074.416666666668
2021-07-02,19388.458333333332
2021-07-03,15741.291666666666
2021-07-04,15539.333333333334
2021-07-05,18312.875
2021-07-06,22442.208333333332
2021-07-07,22931.375
2021-07-08,21498.958333333332
2021-07-09,20754.708333333332
2021-07-10,18685.25
2021-07-11,17932.666666666668
2021-07-12,20683.25
2021-07-13,20196.166666666668
2021-07-14,21501.75
2021-07-15,22991.208333333332
2021-07-16,23773.0
2021-07-17,21452.875
2021-07-18,19751.791666666668
2021-07-19,20664.958333333332
2021-07-20,21902.083333333332
2021-07-21,20458.833333333332
2021-07-22,19160.208333333332
2021-07-23,19095.291666666668
2021-07-24,18185.791666666668
2021-07-25,19306.458333333332
2021-07-26,22188.375
2021-07-27,21773.25
2021-07-28,20430.708333333332
2021-07-29,19652.208333333332
2021-07-30,18965.125
2021-07-31,16020.875
2021-08-01,16415.833333333332
2021-08-02,18005.0
2021-08-03,17846.875
2021-08-04,18126.125
2021-08-05,18901.125
2021-08-06,20652.0
2021-08-07,20020.083333333332
2021-08-08,18779.458333333332
2021-08-09,21087.666666666668
2021-08-10,22218.583333333332
2021-08-11,24011.333333333332
2021-08-12,24646.958333333332
2021-08-13,25015.0
2021-08-14,22097.333333333332
2021-08-15,18356.333333333332
2021-08-16,19706.958333333332
2021-08-17,20613.25
2021-08-18,21518.041666666668
2021-08-19,22629.166666666668
2021-08-20,21904.541666666668
2021-08-21,20847.083333333332
2021-08-22,19751.25
2021-08-23,21445.833333333332
2021-08-24,22733.041666666668
2021-08-25,23572.041666666668
2021-08-26,24943.75
2021-08-27,24329.25
2021-08-28,19639.958333333332
2021-08-29,18529.791666666668
2021-08-30,22039.5
2021-08-31,21196.625
2021-09-01,18962.25
2021-09-02,16870.666666666668
2021-09-03,16453.083333333332
2021-09-04,15894.291666666666
2021-09-05,16259.0
2021-09-06,17135.041666666668
2021-09-07,17969.875
2021-09-08,19546.833333333332
2021-09-09,18654.333333333332
2021-09-10,16885.333333333332
2021-09-11,15808.583333333334
2021-09-12,17251.541666666668
2021-09-13,19842.708333333332
2021-09-14,19436.083333333332
2021-09-15,20770.916666666668
2021-09-16,18988.666666666668
2021-09-17,19063.916666666668
2021-09-18,18451.791666666668
2021-09-19,16227.583333333334
2021-09-20,17277.083333333332
2021-09-21,17529.916666666668
2021-09-22,19383.333333333332
2021-09-23,19684.708333333332
2021-09-24,16600.125
2021-09-25,15083.291666666666
2021-09-26,14579.708333333334
2021-09-27,16495.541666666668
2021-09-28,16728.125
2021-09-29,15471.583333333334
2021-09-30,15357.666666666666
2021-10-01,15025.625
2021-10-02,14413.583333333334
2021-10-03,15125.125
2021-10-04,16983.416666666668
2021-10-05,16075.166666666666
2021-10-06,16006.041666666666
2021-10-07,16374.583333333334
2021-10-08,16510.416666666668
2021-10-09,14862.0
2021-10-10,14609.083333333334
2021-10-11,15846.75
2021-10-12,16246.75
2021-10-13,16361.541666666666
2021-10-14,16604.375
2021-10-15,16996.083333333332
2021-10-16,15877.583333333334
2021-10-17,14101.166666666666
2021-10-18,15270.416666666666
2021-10-19,15250.541666666666
2021-10-20,15533.916666666666
2021-10-21,15794.708333333334
2021-10-22,15561.125
2021-10-23,14321.458333333334
2021-10-24,14089.583333333334
2021-10-25,15944.416666666666
2021-10-26,16121.5
2021-10-27,15532.5
2021-10-28,15425.541666666666
2021-10-29,15545.541666666666
2021-10-30,14790.0
2021-10-31,14220.333333333334
2021-11-01,15344.458333333334
2021-11-02,15898.041666666666
2021-11-03,16144.25
2021-11-04,16354.0
2021-11-05,16205.541666666666
2021-11-06,15120.791666666666
2021-11-07,14839.16
2021-11-08,15771.916666666666
2021-11-09,15758.75
2021-11-10,15460.625
2021-11-11,15762.333333333334
2021-11-12,15840.791666666666
2021-11-13,15155.291666666666
2021-11-14,15186.833333333334
2021-11-15,16709.541666666668
2021-11-16,16733.458333333332
2021-11-17,16701.125
2021-11-18,16087.458333333334
2021-11-19,16494.666666666668
2021-11-20,15708.583333333334
2021-11-21,15215.291666666666
2021-11-22,16694.541666666668
2021-11-23,17310.791666666668
2021-11-24,17148.458333333332
2021-11-25,15366.083333333334
2021-11-26,15999.583333333334
2021-11-27,16264.916666666666
2021-11-28,16546.125
2021-11-29,17683.875
2021-11-30,18018.041666666668
2021-12-01,17290.083333333332
2021-12-02,17053.75
2021-12-03,17120.875
2021-12-04,16388.5
2021-12-05,16117.291666666666
2021-12-06,17063.75
2021-12-07,17672.208333333332
2021-12-08,18174.375
2021-12-09,18304.916666666668
2021-12-10,17542.25
2021-12-11,16077.375
2021-12-12,15605.75
2021-12-13,16981.541666666668
2021-12-14,16937.833333333332
2021-12-15,17397.208333333332
2021-12-16,16412.958333333332
2021-12-17,16137.375
2021-12-18,16498.75
2021-12-19,16762.333333333332
2021-12-20,18277.125
2021-12-21,17822.833333333332
2021-12-22,17808.958333333332
2021-12-23,18106.916666666668
2021-12-24,17168.375
2021-12-25,15876.291666666666
2021-12-26,15742.75
2021-12-27,17687.125
2021-12-28,17144.625
2021-12-29,17155.375
2021-12-30,16724.0
2021-12-31,15844.958333333334
2022-01-01,15206.041666666666
2022-01-02,15956.0
2022-01-03,18708.166666666668
2022-01-04,18887.916666666668
2022-01-05,18251.125
2022-01-06,18135.291666666668
2022-01-07,18844.208333333332
2022-01-08,18326.0
2022-01-09,17612.875
2022-01-10,18995.375
2022-01-11,20289.916666666668
2022-01-12,19406.291666666668
2022-01-13,18028.5
2022-01-14,18372.791666666668
2022-01-15,19706.375
2022-01-16,19237.541666666668
2022-01-17,18615.166666666668
2022-01-18,18976.166666666668
2022-01-19,18583.583333333332
2022-01-20,18799.875
2022-01-21,20163.791666666668
2022-01-22,19294.0
2022-01-23,18252.0
2022-01-24,19149.083333333332
2022-01-25,18772.5
2022-01-26,19600.583333333332
2022-01-27,19897.958333333332
2022-01-28,19308.666666666668
2022-01-29,19675.125
2022-01-30,19348.666666666668
2022-01-31,19698.0
2022-02-01,19096.75
2022-02-02,18145.5
2022-02-03,18138.875
2022-02-04,18770.708333333332
2022-02-05,18702.416666666668
2022-02-06,18591.041666666668
2022-02-07,18817.916666666668
2022-02-08,18190.416666666668
2022-02-09,17830.5
2022-02-10,17458.208333333332
2022-02-11,16914.041666666668
2022-02-12,15978.666666666666
2022-02-13,17441.791666666668
2022-02-14,19604.5
2022-02-15,19689.0
2022-02-16,18479.791666666668
2022-02-17,17044.416666666668
2022-02-18,17291.291666666668
2022-02-19,17799.625
2022-02-20,17299.958333333332
2022-02-21,16449.166666666668
2022-02-22,17021.083333333332
2022-02-23,16602.875
2022-02-24,18085.541666666668
2022-02-25,18598.458333333332
2022-02-26,17430.625
2022-02-27,16710.458333333332
2022-02-28,18109.333333333332
2022-03-01,18016.458333333332
2022-03-02,16938.791666666668
2022-03-03,17373.875
2022-03-04,17938.291666666668
2022-03-05,16504.333333333332
2022-03-06,15007.958333333334
2022-03-07,16274.083333333334
2022-03-08,16350.791666666666
2022-03-09,17651.375
2022-03-10,16807.541666666668
2022-03-11,16318.041666666666
2022-03-12,16961.375
2022-03-13,17035.652173913044
2022-03-14,16636.666666666668
2022-03-15,15963.0
2022-03-16,15374.291666666666
2022-03-17,15702.291666666666
2022-03-18,14973.791666666666
2022-03-19,14206.791666666666
2022-03-20,14391.083333333334
2022-03-21,15237.958333333334
2022-03-22,15394.666666666666
2022-03-23,16290.875
2022-03-24,16284.875
2022-03-25,15693.791666666666
2022-03-26,14818.25
2022-03-27,15451.375
2022-03-28,18011.666666666668
2022-03-29,17611.125
2022-03-30,17310.541666666668
2022-03-31,16160.625
2022-04-01,15875.875
2022-04-02,14689.541666666666
2022-04-03,15268.541666666666
2022-04-04,15852.25
2022-04-05,15570.0
2022-04-06,15809.541666666666
2022-04-07,16307.333333333334
2022-04-08,15265.375
2022-04-09,14457.583333333334
2022-04-10,14763.541666666666
2022-04-11,15250.541666666666
2022-04-12,14874.083333333334
2022-04-13,14988.916666666666
2022-04-14,15145.541666666666
2022-04-15,14252.541666666666
2022-04-16,14075.916666666666
2022-04-17,13748.291666666666
2022-04-18,15475.125
2022-04-19,15969.041666666666
2022-04-20,15197.958333333334
2022-04-21,15496.75
2022-04-22,14579.666666666666
2022-04-23,13801.208333333334
2022-04-24,13215.916666666666
2022-04-25,14763.833333333334
2022-04-26,15297.958333333334
2022-04-27,15287.0
2022-04-28,15148.958333333334
2022-04-29,14755.708333333334
2022-04-30,13520.625
2022-05-01,13280.958333333334
2022-05-02,15185.791666666666
2022-05-03,14805.5
2022-05-04,15228.458333333334
2022-05-05,14550.083333333334
2022-05-06,14906.375
2022-05-07,14067.583333333334
2022-05-08,13365.041666666666
2022-05-09,14369.5
2022-05-10,14412.875
2022-05-11,14700.166666666666
2022-05-12,15300.791666666666
2022-05-13,15999.791666666666
2022-05-14,15347.583333333334
2022-05-15,15132.166666666666
2022-05-16,16315.916666666666
2022-05-17,15223.333333333334
2022-05-18,14788.291666666666
2022-05-19,15266.458333333334
2022-05-20,15397.208333333334
2022-05-21,17014.75
2022-05-22,17781.208333333332
2022-05-23,16126.666666666666
2022-05-24,15362.083333333334
2022-05-25,15262.833333333334
2022-05-26,15705.083333333334
2022-05-27,16914.208333333332
2022-05-28,15422.625
2022-05-29,14753.708333333334
2022-05-30,16964.916666666668
2022-05-31,21376.208333333332
2022-06-01,17586.25
2022-06-02,17482.5
2022-06-03,17044.208333333332
2022-06-04,15426.208333333334
2022-06-05,14764.208333333334
2022-06-06,17041.291666666668
2022-06-07,17385.958333333332
2022-06-08,18240.458333333332
2022-06-09,18436.125
2022-06-10,16969.291666666668
2022-06-11,15836.541666666666
2022-06-12,15507.458333333334
2022-06-13,18784.583333333332
2022-06-14,18299.25
2022-06-15,19093.625
2022-06-16,19016.166666666668
2022-06-17,19955.833333333332
2022-06-18,15420.75
2022-06-19,13700.041666666666
2022-06-20,15929.75
2022-06-21,17543.625
2022-06-22,17976.083333333332
2022-06-23,17427.666666666668
2022-06-24,18278.333333333332
2022-06-25,19009.75
2022-06-26,19919.416666666668
2022-06-27,19614.75
2022-06-28,17837.083333333332
2022-06-29,18499.375
2022-06-30,19812.0
2022-07-01,21919.666666666668
2022-07-02,20540.208333333332
2022-07-03,18429.291666666668
2022-07-04,17653.583333333332
2022-07-05,19805.25
2022-07-06,20820.166666666668
2022-07-07,20066.75
2022-07-08,20117.583333333332
2022-07-09,18367.458333333332
2022-07-10,17208.208333333332
2022-07-11,19688.75
2022-07-12,21743.375
2022-07-13,21961.833333333332
2022-07-14,21533.458333333332
2022-07-15,20257.291666666668
2022-07-16,19258.666666666668
2022-07-17,20040.25
2022-07-18,21924.583333333332
2022-07-19,23290.875
2022-07-20,25244.125
2022-07-21,25337.708333333332
2022-07-22,24404.458333333332
2022-07-23,23332.25
2022-07-24,23497.416666666668
2022-07-25,23939.375
2022-07-26,20672.041666666668
2022-07-27,20782.958333333332
2022-07-28,23178.041666666668
2022-07-29,22198.083333333332
2022-07-30,20084.333333333332
2022-07-31,19601.458333333332
2022-08-01,20764.833333333332
2022-08-02,22381.541666666668
2022-08-03,22702.333333333332
2022-08-04,24221.458333333332
2022-08-05,24016.083333333332
2022-08-06,23372.5
2022-08-07,23912.75
2022-08-08,25886.958333333332
2022-08-09,25498.833333333332
2022-08-10,22634.666666666668
2022-08-11,21975.416666666668
2022-08-12,19796.958333333332
2022-08-13,17160.958333333332
2022-08-14,17181.208333333332
2022-08-15,19393.083333333332
2022-08-16,19462.0
2022-08-17,18944.541666666668
2022-08-18,19297.958333333332
2022-08-19,20442.75
2022-08-20,20612.25
2022-08-21,19946.833333333332
2022-08-22,20975.916666666668
2022-08-23,21485.125
2022-08-24,21468.791666666668
2022-08-25,21830.583333333332
2022-08-26,21880.333333333332
2022-08-27,20142.416666666668
2022-08-28,19508.5
2022-08-29,22939.333333333332
2022-08-30,23055.583333333332
2022-08-31,20600.458333333332
2022-09-01,19097.958333333332
2022-09-02,17903.5
2022-09-03,17583.25
2022-09-04,18757.75
2022-09-05,19266.208333333332
2022-09-06,19287.125
2022-09-07,17991.666666666668
2022-09-08,17998.458333333332
2022-09-09,17926.833333333332
2022-09-10,17274.458333333332
2022-09-11,17090.666666666668
2022-09-12,19308.041666666668
2022-09-13,19717.708333333332
2022-09-14,17919.125
2022-09-15,16559.75
2022-09-16,15943.958333333334
2022-09-17,15555.875
2022-09-18,17002.625
2022-09-19,19055.416666666668
2022-09-20,18184.208333333332
2022-09-21,17938.958333333332
2022-09-22,17290.375
2022-09-23,14807.583333333334
2022-09-24,13798.958333333334
2022-09-25,14402.583333333334
2022-09-26,15611.25
2022-09-27,15525.041666666666
2022-09-28,15387.875
2022-09-29,15068.791666666666
2022-09-30,14935.541666666666
2022-10-01,14148.75
2022-10-02,13940.791666666666
2022-10-03,15477.375
2022-10-04,15853.083333333334
2022-10-05,15441.583333333334
2022-10-06,15270.166666666666
2022-10-07,15455.083333333334
2022-10-08,14046.416666666666
2022-10-09,13806.5
2022-10-10,14874.5
2022-10-11,15075.625
2022-10-12,15112.208333333334
2022-10-13,15808.208333333334
2022-10-14,14889.833333333334
2022-10-15,13863.333333333334
2022-10-16,13758.75
2022-10-17,15514.041666666666
2022-10-18,15287.25
2022-10-19,15732.25
2022-10-20,15692.875
2022-10-21,15162.958333333334
2022-10-22,13927.541666666666
2022-10-23,14043.5
2022-10-24,15413.5
2022-10-25,15735.083333333334
2022-10-26,15841.083333333334
2022-10-27,15096.041666666666
2022-10-28,15301.0
2022-10-29,14260.208333333334
2022-10-30,14098.291666666666
2022-10-31,15379.375
2022-11-01,15643.041666666666
2022-11-02,15157.416666666666
2022-11-03,15150.333333333334
2022-11-04,15115.958333333334
2022-11-05,14533.208333333334
2022-11-06,14625.8
2022-11-07,15510.833333333334
2022-11-08,15186.5
2022-11-09,15578.458333333334
2022-11-10,15351.708333333334
2022-11-11,15644.208333333334
2022-11-12,14591.208333333334
2022-11-13,14675.708333333334
2022-11-14,16375.666666666666
2022-11-15,17050.083333333332
2022-11-16,16902.916666666668
2022-11-17,16951.541666666668
2022-11-18,16969.75
2022-11-19,16279.333333333334
2022-11-20,16646.291666666668
2022-11-21,17684.5
2022-11-22,16844.25
2022-11-23,16466.083333333332
2022-11-24,15020.958333333334
2022-11-25,15495.666666666666
2022-11-26,14833.0
2022-11-27,15409.958333333334
2022-11-28,16460.791666666668
2022-11-29,17062.5
2022-11-30,17168.333333333332
2022-12-01,17513.791666666668
2022-12-02,17280.958333333332
2022-12-03,16118.416666666666
2022-12-04,15992.041666666666
2022-12-05,17283.708333333332
2022-12-06,17171.708333333332
2022-12-07,16482.041666666668
2022-12-08,16491.458333333332
2022-12-09,17100.041666666668
2022-12-10,16603.0
2022-12-11,16930.208333333332
2022-12-12,18335.083333333332
2022-12-13,18588.333333333332
2022-12-14,18561.125
2022-12-15,18621.208333333332
2022-12-16,17980.875
2022-12-17,16743.5
2022-12-18,16900.75
2022-12-19,18388.958333333332
2022-12-20,18306.0
2022-12-21,18225.375
2022-12-22,18223.708333333332
2022-12-23,18079.041666666668
2022-12-24,19648.625
2022-12-25,18335.458333333332
2022-12-26,18547.833333333332
2022-12-27,18765.541666666668
2022-12-28,17650.0
2022-12-29,16937.375
2022-12-30,16201.166666666666
2022-12-31,15582.458333333334
2023-01-01,14880.0
2023-01-02,15743.666666666666
2023-01-03,16861.25
2023-01-04,16352.041666666666
2023-01-05,16462.5
2023-01-06,16847.541666666668
2023-01-07,16339.333333333334
2023-01-08,16417.541666666668
2023-01-09,17499.791666666668
2023-01-10,17823.458333333332
2023-01-11,17811.625
2023-01-12,17592.041666666668
2023-01-13,17150.208333333332
2023-01-14,17442.583333333332
2023-01-15,17135.666666666668
2023-01-16,17669.875
2023-01-17,17847.375
2023-01-18,17053.375
2023-01-19,17547.958333333332
2023-01-20,17210.0
2023-01-21,16718.291666666668
2023-01-22,16515.791666666668
2023-01-23,17926.625
2023-01-24,17749.708333333332
2023-01-25,18051.0
2023-01-26,17584.833333333332
2023-01-27,17572.791666666668
2023-01-28,16048.458333333334
2023-01-29,16123.541666666666
2023-01-30,17182.416666666668
2023-01-31,18000.333333333332
2023-02-01,18305.083333333332
2023-02-02,18112.041666666668
2023-02-03,19753.041666666668
2023-02-04,20167.541666666668
2023-02-05,17364.75
2023-02-06,17635.625
2023-02-07,17792.375
2023-02-08,16754.708333333332
2023-02-09,17405.541666666668
2023-02-10,16342.791666666666
2023-02-11,15818.208333333334
2023-02-12,15653.75
2023-02-13,16167.625
2023-02-14,15867.25
2023-02-15,15569.833333333334
2023-02-16,15792.75
2023-02-17,16625.5
2023-02-18,15846.458333333334
2023-02-19,15478.0
2023-02-20,15634.083333333334
2023-02-21,16687.708333333332
2023-02-22,17251.791666666668
2023-02-23,17402.791666666668
2023-02-24,17232.916666666668
2023-02-25,17856.833333333332
2023-02-26,16665.708333333332
2023-02-27,17158.291666666668
2023-02-28,17997.416666666668
2023-03-01,17202.875
2023-03-02,16880.291666666668
2023-03-03,16740.541666666668
2023-03-04,16127.541666666666
2023-03-05,15426.541666666666
2023-03-06,16292.166666666666
2023-03-07,16656.125
2023-03-08,17075.083333333332
2023-03-09,16738.541666666668
2023-03-10,16967.416666666668
2023-03-11,16280.625
2023-03-12,15641.782608695652
2023-03-13,17080.208333333332
2023-03-14,17652.0
2023-03-15,17011.416666666668
2023-03-16,16354.416666666666
2023-03-17,16161.958333333334
2023-03-18,14882.291666666666
2023-03-19,15657.125
2023-03-20,16051.708333333334
2023-03-21,15539.708333333334
2023-03-22,15479.208333333334
2023-03-23,15803.25
2023-03-24,15441.958333333334
2023-03-25,15751.125
2023-03-26,14021.333333333334
2023-03-27,15759.583333333334
2023-03-28,15850.291666666666
2023-03-29,15496.0
2023-03-30,15976.5
2023-03-31,16353.666666666666
2023-04-01,14185.916666666666
2023-04-02,13965.166666666666
2023-04-03,15166.125
2023-04-04,14933.708333333334
2023-04-05,15375.833333333334
2023-04-06,14930.916666666666
2023-04-07,14533.125
2023-04-08,13887.25
2023-04-09,13278.875
2023-04-10,14371.916666666666
2023-04-11,14457.541666666666
2023-04-12,14526.375
2023-04-13,15455.625
2023-04-14,16007.75
2023-04-15,14409.416666666666
2023-04-16,13767.625
2023-04-17,14780.333333333334
2023-04-18,14930.458333333334
2023-04-19,14989.916666666666
2023-04-20,14502.416666666666
2023-04-21,14170.708333333334
2023-04-22,13545.541666666666
2023-04-23,13713.25
2023-04-24,14715.875
2023-04-25,14898.916666666666
2023-04-26,14844.5
2023-04-27,14728.333333333334
2023-04-28,14757.208333333334
2023-04-29,14475.583333333334
2023-04-30,14314.416666666666
2023-05-01,14760.041666666666
2023-05-02,15086.083333333334
2023-05-03,15124.625
2023-05-04,15178.416666666666
2023-05-05,14498.041666666666
2023-05-06,13227.208333333334
2023-05-07,13302.333333333334
2023-05-08,14634.041666666666
2023-05-09,14299.25
2023-05-10,14321.791666666666
2023-05-11,14895.041666666666
2023-05-12,15944.458333333334
2023-05-13,15054.916666666666
2023-05-14,13395.0
2023-05-15,14716.75
2023-05-16,15223.583333333334
2023-05-17,14544.833333333334
2023-05-18,14244.541666666666
2023-05-19,14471.0
2023-05-20,14177.375
2023-05-21,13390.708333333334
2023-05-22,14882.458333333334
2023-05-23,14801.416666666666
2023-05-24,14993.791666666666
2023-05-25,14350.25
2023-05-26,14354.083333333334
2023-05-27,13646.625
2023-05-28,13802.333333333334
2023-05-29,14456.333333333334
2023-05-30,15574.916666666666
2023-05-31,16240.041666666666
2023-06-01,17580.916666666668
2023-06-02,18668.583333333332
2023-06-03,15338.416666666666
2023-06-04,13486.5
2023-06-05,15109.75
2023-06-06,15544.166666666666
2023-06-07,15205.166666666666
2023-06-08,15349.375
2023-06-09,15248.208333333334
2023-06-10,14413.541666666666
2023-06-11,15350.166666666666
2023-06-12,17405.291666666668
2023-06-13,16801.333333333332
2023-06-14,16615.375
2023-06-15,16398.416666666668
2023-06-16,16659.083333333332
2023-06-17,14940.541666666666
2023-06-18,15106.375
2023-06-19,16996.375
2023-06-20,17479.833333333332
2023-06-21,16814.083333333332
2023-06-22,16568.375
2023-06-23,17472.041666666668
2023-06-24,17301.083333333332
2023-06-25,18205.25
2023-06-26,19578.166666666668
2023-06-27,18783.625
2023-06-28,18634.708333333332
2023-06-29,18430.958333333332
2023-06-30,19173.625
2023-07-01,18314.375
2023-07-02,18794.125
2023-07-03,20728.0
2023-07-04,19634.333333333332
2023-07-05,22337.708333333332
2023-07-06,23470.791666666668
2023-07-07,22643.375
2023-07-08,20606.041666666668
2023-07-09,19820.166666666668
2023-07-10,20701.583333333332
2023-07-11,20951.25
2023-07-12,22180.583333333332
2023-07-13,22818.0
2023-07-14,21609.291666666668
2023-07-15,21156.875
2023-07-16,20712.208333333332
2023-07-17,22554.458333333332
2023-07-18,21922.708333333332
2023-07-19,20421.416666666668
2023-07-20,20895.625
2023-07-21,20917.166666666668
2023-07-22,18731.375
2023-07-23,18980.541666666668
2023-07-24,21091.166666666668
2023-07-25,21116.958333333332
2023-07-26,21567.791666666668
2023-07-27,23625.416666666668
2023-07-28,24067.333333333332
2023-07-29,22076.458333333332
2023-07-30,17270.625
2023-07-31,18624.0
2023-08-01,18138.5
2023-08-02,17795.666666666668
2023-08-03,18578.25
2023-08-04,19144.583333333332
2023-08-05,18227.166666666668
2023-08-06,18098.25
2023-08-07,20564.666666666668
2023-08-08,19706.791666666668
2023-08-09,19578.458333333332
2023-08-10,19379.375
2023-08-11,19045.166666666668
2023-08-12,18538.333333333332
2023-08-13,19183.791666666668
2023-08-14,20329.875
2023-08-15,20074.041666666668
2023-08-16,20000.291666666668
2023-08-17,19975.333333333332
2023-08-18,18824.75
2023-08-19,15936.208333333334
2023-08-20,17082.791666666668
2023-08-21,20650.208333333332
2023-08-22,18369.208333333332
2023-08-23,17668.916666666668
2023-08-24,17953.916666666668
2023-08-25,18865.625
2023-08-26,18527.375
2023-08-27,17498.333333333332
2023-08-28,18506.583333333332
2023-08-29,19127.791666666668
2023-08-30,19160.0
2023-08-31,16872.916666666668
2023-09-01,16266.625
2023-09-02,15800.708333333334
2023-09-03,18258.375
2023-09-04,20661.75
2023-09-05,23655.625
2023-09-06,24619.125
2023-09-07,24313.75
2023-09-08,22138.0
2023-09-09,20181.958333333332
2023-09-10,18786.0
2023-09-11,20012.083333333332
2023-09-12,19546.625
2023-09-13,19276.916666666668
2023-09-14,17334.208333333332
2023-09-15,15488.916666666666
2023-09-16,14470.291666666666
2023-09-17,14864.583333333334
2023-09-18,16710.708333333332
2023-09-19,15798.208333333334
2023-09-20,15539.541666666666
2023-09-21,15474.833333333334
2023-09-22,15349.583333333334
2023-09-23,14461.75
2023-09-24,14486.041666666666
2023-09-25,15375.166666666666
2023-09-26,15123.041666666666
2023-09-27,14647.791666666666
2023-09-28,14940.375
2023-09-29,15460.708333333334
2023-09-30,14313.208333333334
2023-10-01,14259.958333333334
2023-10-02,16084.916666666666
2023-10-03,16622.25
2023-10-04,17574.75
2023-10-05,16978.75
2023-10-06,17051.833333333332
2023-10-07,15105.458333333334
2023-10-08,13528.916666666666
2023-10-09,14678.541666666666
2023-10-10,15094.5
2023-10-11,15173.875
2023-10-12,15007.333333333334
2023-10-13,14750.291666666666
2023-10-14,14494.541666666666
2023-10-15,14032.666666666666
2023-10-16,15225.875
2023-10-17,15318.166666666666
2023-10-18,15416.875
2023-10-19,15116.583333333334
2023-10-20,15515.291666666666
2023-10-21,14475.833333333334
2023-10-22,14232.791666666666
2023-10-23,15176.333333333334
2023-10-24,15324.958333333334
2023-10-25,15337.041666666666
2023-10-26,15525.375
2023-10-27,15509.333333333334
2023-10-28,14773.125
2023-10-29,14588.666666666666
2023-10-30,15912.375
2023-10-31,15678.166666666666
2023-11-01,16327.083333333334
2023-11-02,16389.875
2023-11-03,15698.083333333334
2023-11-04,14741.916666666666
2023-11-05,14272.24
2023-11-06,15861.958333333334
2023-11-07,15746.083333333334
2023-11-08,15985.5
2023-11-09,16390.958333333332
2023-11-10,16097.541666666666
2023-11-11,15145.958333333334
2023-11-12,15378.458333333334
2023-11-13,16786.125
2023-11-14,16568.041666666668
2023-11-15,16278.75
2023-11-16,15811.958333333334
2023-11-17,15682.583333333334
2023-11-18,14715.041666666666
2023-11-19,15081.5
2023-11-20,16614.083333333332
2023-11-21,17592.0
2023-11-22,16643.958333333332
2023-11-23,14883.666666666666
2023-11-24,15613.208333333334
2023-11-25,16053.625
2023-11-26,15910.0
2023-11-27,16762.583333333332
2023-11-28,17965.916666666668
2023-11-29,18409.0
2023-11-30,17271.708333333332
2023-12-01,17096.041666666668
2023-12-02,15761.0
2023-12-03,15891.25
2023-12-04,16829.583333333332
2023-12-05,17539.083333333332
2023-12-06,17998.416666666668
2023-12-07,18423.791666666668
2023-12-08,17175.208333333332
2023-12-09,15571.291666666666
2023-12-10,15674.25
2023-12-11,17479.791666666668
2023-12-12,17365.291666666668
2023-12-13,17596.083333333332
2023-12-14,17904.916666666668
2023-12-15,16944.333333333332
2023-12-16,15695.875
2023-12-17,15872.666666666666
2023-12-18,16828.916666666668
2023-12-19,17836.25
2023-12-20,18131.458333333332
2023-12-21,17912.833333333332
2023-12-22,18171.916666666668
2023-12-23,17143.375
2023-12-24,16034.791666666666
2023-12-25,15027.041666666666
2023-12-26,16297.416666666666
2023-12-27,16418.958333333332
2023-12-28,16243.666666666666
2023-12-29,16005.5
2023-12-30,15932.583333333334
2023-12-31,16252.041666666666
2024-01-01,16156.666666666666
2024-01-02,17646.375
2024-01-03,17821.208333333332
2024-01-04,17926.583333333332
2024-01-05,18477.166666666668
2024-01-06,17758.5
2024-01-07,17419.083333333332
2024-01-08,17899.625
2024-01-09,18154.291666666668
2024-01-10,17109.291666666668
2024-01-11,17348.083333333332
2024-01-12,16957.458333333332
2024-01-13,16230.75
2024-01-14,17156.416666666668
2024-01-15,18758.333333333332
2024-01-16,19622.625
2024-01-17,19229.0
2024-01-18,20158.791666666668
2024-01-19,19802.958333333332
2024-01-20,19724.875
2024-01-21,19309.833333333332
2024-01-22,19506.5
2024-01-23,18614.25
2024-01-24,18097.5
2024-01-25,17127.125
2024-01-26,17301.166666666668
2024-01-27,16326.625
2024-01-28,16854.25
2024-01-29,18271.5
2024-01-30,18454.666666666668
2024-01-31,18154.625
2024-02-01,17823.583333333332
2024-02-02,17613.583333333332
2024-02-03,16430.75
2024-02-04,16203.041666666666
2024-02-05,17442.541666666668
2024-02-06,17628.25
2024-02-07,17495.125
2024-02-08,16830.041666666668
2024-02-09,16252.708333333334
2024-02-10,15266.791666666666
2024-02-11,15634.0
2024-02-12,17021.458333333332
2024-02-13,17805.25
2024-02-14,18200.0
2024-02-15,18394.708333333332
2024-02-16,17780.166666666668
2024-02-17,17555.041666666668
2024-02-18,17456.333333333332
2024-02-19,17325.208333333332
2024-02-20,17841.0
2024-02-21,17424.833333333332
2024-02-22,17353.791666666668
2024-02-23,16716.083333333332
2024-02-24,16197.041666666666
2024-02-25,16383.916666666666
2024-02-26,16473.791666666668
2024-02-27,16058.666666666666
2024-02-28,16525.958333333332
2024-02-29,17566.75
2024-03-01,16763.208333333332
2024-03-02,16122.708333333334
2024-03-03,14652.625
2024-03-04,15319.958333333334
2024-03-05,16028.708333333334
2024-03-06,16213.208333333334
2024-03-07,15880.0
2024-03-08,15311.625
2024-03-09,15824.208333333334
2024-03-10,15630.391304347826
2024-03-11,16506.75
2024-03-12,15336.5
2024-03-13,14991.666666666666
2024-03-14,14880.458333333334
2024-03-15,15272.708333333334
2024-03-16,13975.458333333334
2024-03-17,14033.041666666666
2024-03-18,15929.083333333334
2024-03-19,16391.875
2024-03-20,16571.25
2024-03-21,17100.25
2024-03-22,17307.083333333332
2024-03-23,16718.333333333332
2024-03-24,15588.5
2024-03-25,15999.208333333334
2024-03-26,16065.041666666666
2024-03-27,15977.0
2024-03-28,16068.333333333334
2024-03-29,15373.791666666666
2024-03-30,14352.25
2024-03-31,13534.75
2024-04-01,15312.791666666666
2024-04-02,16129.041666666666
2024-04-03,16960.208333333332
2024-04-04,16570.375
2024-04-05,16182.416666666666
2024-04-06,14836.416666666666
2024-04-07,13818.541666666666
2024-04-08,14981.625
2024-04-09,14448.666666666666
2024-04-10,14800.5
2024-04-11,15243.375
2024-04-12,15083.333333333334
2024-04-13,14531.0
2024-04-14,13970.041666666666
2024-04-15,14596.083333333334
2024-04-16,14145.5
2024-04-17,14850.333333333334
2024-04-18,15594.0
2024-04-19,14956.25
2024-04-20,13862.541666666666
2024-04-21,14115.958333333334
2024-04-22,14269.375
2024-04-23,14264.5
2024-04-24,14810.0
2024-04-25,14328.833333333334
2024-04-26,14161.208333333334
2024-04-27,13588.166666666666
2024-04-28,13549.0
2024-04-29,15292.291666666666
2024-04-30,14900.583333333334
2024-05-01,14606.583333333334
2024-05-02,14580.666666666666
2024-05-03,14247.5
2024-05-04,13422.458333333334
2024-05-05,14081.625
2024-05-06,14607.125
2024-05-07,14639.791666666666
2024-05-08,15722.125
2024-05-09,15042.083333333334
2024-05-10,14812.875
2024-05-11,13286.708333333334
2024-05-12,13436.625
2024-05-13,14498.083333333334
2024-05-14,14779.625
2024-05-15,15308.875
2024-05-16,15158.75
2024-05-17,14944.875
2024-05-18,14040.083333333334
2024-05-19,14002.375
2024-05-20,15734.833333333334
2024-05-21,17038.083333333332
2024-05-22,18099.041666666668
2024-05-23,17705.708333333332
2024-05-24,17250.5
2024-05-25,15634.583333333334
2024-05-26,15939.5
2024-05-27,16623.916666666668
2024-05-28,17332.416666666668
2024-05-29,16414.375
2024-05-30,15355.125
2024-05-31,15240.833333333334
2024-06-01,15007.625
2024-06-02,15755.541666666666
2024-06-03,18680.958333333332
2024-06-04,18962.333333333332
2024-06-05,19208.708333333332
2024-06-06,19803.125
2024-06-07,18240.791666666668
2024-06-08,15800.666666666666
2024-06-09,15538.291666666666
2024-06-10,16550.375
2024-06-11,16500.916666666668
2024-06-12,16669.708333333332
2024-06-13,18244.291666666668
2024-06-14,19187.5
2024-06-15,16369.0
2024-06-16,15555.416666666666
2024-06-17,19695.916666666668
2024-06-18,22024.875
2024-06-19,22666.583333333332
2024-06-20,23348.791666666668
2024-06-21,23739.458333333332
2024-06-22,22293.833333333332
2024-06-23,22024.458333333332
2024-06-24,20328.0
2024-06-25,20347.208333333332
2024-06-26,21896.375
2024-06-27,19766.166666666668
2024-06-28,17237.666666666668
2024-06-29,17873.583333333332
2024-06-30,19159.083333333332
